"","ID","CRVl2_NPV","soyarea","Forarea","area_km2","soyperc","forperc"
"1","CR237205",400.73009827331,3778.79727172851,0.416609636837136,3009,1255.8315957888,41.6609636837136
"2","CR237206",153.849727184669,3455.21870422363,0.815015411429302,3003,1150.58897909545,81.5015411429302
"3","CR237207",62.9532347760232,8758.95855712891,0.963391767875367,2831,3093.94509259234,96.3391767875367
"4","CR238201",130.699212251089,3372.43608093262,0.825124748162393,3029,1113.3826612521,82.5124748162393
"5","CR238202",166.466541604726,4169.33059692383,0.776899772230536,3025,1378.2911064211,77.6899772230536
"6","CR238204",526.788971968278,10015.0870361328,0.428957593979566,3014,3322.85568551188,42.8957593979566
"7","CR238205",690.604279550008,10013.4403686523,0.539395630432539,3009,3327.82996631849,53.9395630432539
"8","CR238206",959.843997489799,10132.0144042969,0.369143322807106,3003,3373.96417059503,36.9143322807106
"9","CR238207",416.919159587311,7199.53271484375,0.7405796968847,2997,2402.24648476602,74.05796968847
"10","CR239204",409.561830926618,5039.24267578125,0.571995938321088,3014,1671.94514790353,57.1995938321088
"11","CR239205",347.336876508739,5698.51171875,0.698546567621266,3009,1893.8224389332,69.8546567621266
"12","CR239206",449.264008975607,6428.43362426758,0.614695579707587,3003,2140.67053755164,61.4695579707587
"13","CR239207",1070.10945078843,13204.9249267578,0.249609261868005,2997,4406.04768994255,24.9609261868005
"14","CR240206",434.444062491069,16286.9495849609,0.658341304529479,3003,5423.55963535163,65.8341304529479
"15","CR240207",727.163376142114,38584.1240234375,0.548443932084923,2997,12874.2489234026,54.8443932084923
"16","CR240208",188.682234423434,26944.4451904297,0.763768741194467,2908,9265.62764457692,76.3768741194467
"17","CR241205",27.2814811851119,2735.21473693848,0.959679691838915,3009,909.011212010129,95.9679691838915
"18","CR241206",22.8413205792279,8428.47692871094,0.973266204815566,3003,2806.68562394637,97.3266204815566
"19","CR241207",82.0077010057928,18284.267578125,0.911947395662962,2997,6100.85671609109,91.1947395662962
"20","CR241208",365.835382334706,35413.5500488281,0.759913828512862,2991,11840.0367933227,75.9913828512862
"21","CR242199",359.613691044371,5627.43426513672,0.718876959951035,3038,1852.34834270465,71.8876959951035
"22","CR242200",324.925446126493,5120.78228759766,0.73664952656291,3034,1687.79904007833,73.664952656291
"23","CR242201",400.526044709424,6317.11087036133,0.689203760559034,3029,2085.54337086871,68.9203760559034
"24","CR242202",193.611808791663,5125.20031738281,0.77901160986657,3025,1694.28109665548,77.901160986657
"25","CR242203",244.939366058104,7945.49163818359,0.77098156874158,3020,2630.95749608728,77.098156874158
"26","CR242204",44.4265990286873,3050.60527038574,0.917670787629775,3014,1012.14507975638,91.7670787629775
"27","CR242207",178.470993093663,36718.9953613281,0.820883092921255,2997,12251.9170374802,82.0883092921255
"28","CR242208",745.772800609956,89295.5786132812,0.510149828179685,2991,29854.7571425213,51.0149828179685
"29","CR242209",245.343594416734,39821.3928222656,0.823490142476952,2985,13340.5001079617,82.3490142476952
"30","CR243201",451.003635918931,6351.18460083008,0.64987897963957,3029,2096.79253906572,64.987897963957
"31","CR243202",529.89674071936,10910.6923828125,0.606701971768226,3025,3606.8404571281,60.6701971768226
"32","CR243203",1211.10898483416,21642.9149169922,0.348288193593568,3020,7166.52811820933,34.8288193593568
"33","CR243204",357.633247417161,9603.03057861328,0.730286313063937,3014,3186.14153238662,73.0286313063937
"34","CR243206",272.520778913214,44486.7912597656,0.766972644299387,3003,14814.1163036183,76.6972644299387
"35","CR243207",618.159774626227,94996.0405273438,0.492318313024932,2997,31697.0438863342,49.2318313024932
"36","CR243208",1029.9399662745,120815.254394531,0.358576904898969,2991,40392.9302556106,35.8576904898969
"37","CR243210",46.5458887792983,3896.52244567871,0.952207351419155,2978,1308.43601265235,95.2207351419155
"38","CR244201",358.572921547045,6469.31509399414,0.640421717445562,3029,2135.79237173791,64.0421717445562
"39","CR244202",143.64094317047,6582.74597167969,0.793332525813581,3025,2176.1143708032,79.3332525813581
"40","CR244203",191.018071334796,5575.38897705078,0.742318186299953,3020,1846.15529041417,74.2318186299953
"41","CR244204",755.172459897057,8226.75521850586,0.501745317056421,3014,2729.51400746711,50.1745317056421
"42","CR244205",334.401809371216,4890.53179931641,0.719729500571972,3009,1625.30136235175,71.9729500571972
"43","CR244206",275.259559196985,9039.13061523438,0.699403746933019,3003,3010.03350490655,69.9403746933019
"44","CR244207",168.523061195443,33028.3820800781,0.738344347153003,2997,11020.4811745339,73.8344347153003
"45","CR244210",155.250448755025,4106.52671813965,0.823751846039163,2978,1378.95457291459,82.3751846039163
"46","CR245201",437.076132748778,7028.02868652344,0.644382683621996,3029,2320.24717283705,64.4382683621996
"47","CR245202",506.432216328806,24693.8370361328,0.656627781891707,3025,8163.25191277118,65.6627781891707
"48","CR245203",905.639597811147,20941.5196533203,0.419504726670797,3020,6934.27803090077,41.9504726670797
"49","CR245204",324.454153330268,4592.65777587891,0.682664103323489,3014,1523.77497540773,68.2664103323489
"50","CR245205",468.709167148599,6521.1633605957,0.682961559292431,3009,2167.21946181313,68.2961559292431
"51","CR245206",134.608106984553,3386.68785095215,0.83289719601284,3003,1127.76818213525,83.289719601284
"52","CR245207",560.37009718689,56886.6701660156,0.461892503086613,2997,18981.2045932651,46.1892503086613
"53","CR245208",377.638138986078,124248.337402344,0.303092687709516,2991,41540.7346714623,30.3092687709516
"54","CR245209",319.598539039433,73587.4926757812,0.451787041670749,2985,24652.4263570456,45.1787041670749
"55","CR245210",864.81380957127,8552.13247680664,0.43562180922039,2978,2871.77047575777,43.562180922039
"56","CR245211",650.364191834751,2884.15972900391,0.480138901824448,2972,970.44405417359,48.0138901824448
"57","CR246202",136.901408317218,14871.8032226562,0.864814909091433,3025,4916.29858600207,86.4814909091433
"58","CR246203",797.830737435789,41751.3762207031,0.420291001569548,3020,13824.9590134779,42.0291001569548
"59","CR246204",420.733391975061,17075.8729248047,0.706600620472783,3014,5665.51855501151,70.6600620472783
"60","CR246205",242.460255619818,9743.18798828125,0.817523145851727,3009,3238.01528357635,81.7523145851727
"61","CR246206",286.612680407259,5718.46606445312,0.751449118135634,3003,1904.25110371399,75.1449118135634
"62","CR246207",314.205440634465,5620.44226074219,0.728068115902843,2997,1875.35610969042,72.8068115902843
"63","CR246208",386.167221742305,69448.9829101562,0.402869252319702,2991,23219.3189268326,40.2869252319702
"64","CR246209",514.440829716599,51200.9321289062,0.35735099481791,2985,17152.7410817106,35.735099481791
"65","CR246210",518.450173663435,12506.5559692383,0.373080999995915,2978,4199.64941881742,37.3080999995915
"66","CR246211",664.50637210509,12749.1389770508,0.527122896260406,2972,4289.7506652257,52.7122896260406
"67","CR246212",349.68652792151,4287.6870880127,0.728127874977915,2965,1446.10019831794,72.8127874977915
"68","CR247201",341.862266099294,3332.15180969238,0.652394362969192,3029,1100.08313294565,65.2394362969192
"69","CR247202",96.9656980676753,9105.56573486328,0.864005802869601,3025,3010.10437516142,86.4005802869601
"70","CR247203",580.911308809862,10571.9166259766,0.612704831411176,3020,3500.6346443631,61.2704831411176
"71","CR247204",481.044832741297,21754.9024658203,0.711218202354843,3014,7217.9503868017,71.1218202354843
"72","CR247205",1170.30681595491,75224.2895507812,0.542554570827241,3009,24999.763891918,54.2554570827241
"73","CR247206",711.129570147028,57505.9047851562,0.607793999623295,3003,19149.4854429425,60.7793999623295
"74","CR247207",518.476249858269,47444.94921875,0.60029018974076,2997,15830.8138868035,60.029018974076
"75","CR247208",460.540030730423,39880.3757324219,0.627096651783554,2991,13333.458954337,62.7096651783554
"76","CR247209",409.324897165887,39993.8793945312,0.492307526158123,2985,13398.2845542818,49.2307526158123
"77","CR247210",452.169152260213,10520.8172607422,0.582532487206022,2978,3532.84662885903,58.2532487206022
"78","CR247211",308.159805603705,3538.71934509277,0.724192615916259,2972,1190.6861861012,72.4192615916259
"79","CR247212",365.875922693325,3210.39874267578,0.7035109426084,2965,1082.76517459554,70.35109426084
"80","CR247224",311.185465733993,4036.82543945312,0.407368568885184,2863,1409.99840707409,40.7368568885184
"81","CR248202",429.640329313243,3181.82374572753,0.696723490536232,3025,1051.84256057109,69.6723490536232
"82","CR248203",552.418173444235,13453.6439819336,0.626441897129771,3020,4454.84900064026,62.6441897129771
"83","CR248204",826.250276101203,36487.8371582031,0.562760647515125,3014,12106.1171725956,56.2760647515125
"84","CR248205",1481.11205973695,93138.4077148438,0.389459606813128,3009,30953.2760767178,38.9459606813128
"85","CR248206",1228.1241984388,148319.966796875,0.326656252712032,3003,49390.5983339577,32.6656252712032
"86","CR248207",477.187668512508,149271.94921875,0.439012582017575,2997,49807.1235297798,43.9012582017575
"87","CR248208",582.10854341282,111937.595214844,0.553671259361386,2991,37424.8061567515,55.3671259361386
"88","CR248209",671.597566131434,86334.5258789062,0.598578925511726,2985,28922.7892391646,59.8578925511726
"89","CR248210",437.725624592927,37902.3247070312,0.70146375410536,2978,12727.4428163302,70.146375410536
"90","CR248212",465.27708022476,4302.08117675781,0.612230381720853,2965,1450.9548656856,61.2230381720853
"91","CR248222",330.876692094771,3019.05821228028,0.482339562697812,2882,1047.55663160315,48.2339562697812
"92","CR248223",238.803629958187,4519.46368408203,0.311429596975741,2873,1573.08168607102,31.1429596975741
"93","CR248224",176.173814104532,5301.69482421875,0.307632063410855,2863,1851.7970046171,30.7632063410855
"94","CR249201",822.273888845961,2402.39332580566,0.356778826220129,3029,793.130843778693,35.6778826220129
"95","CR249202",650.978811350451,5890.37258911133,0.401626966640614,3025,1947.23060797069,40.1626966640614
"96","CR249203",869.670727171516,39381.1430664062,0.591821480739741,3020,13040.1135981478,59.1821480739741
"97","CR249204",1350.25370106172,79413.1440429688,0.41556032107276,3014,26348.0902597773,41.556032107276
"98","CR249205",1736.35594829737,140773.774414062,0.320773605715073,3009,46784.2387550889,32.0773605715073
"99","CR249206",1143.27162549701,164107.073242188,0.247914808479289,3003,54647.7100373585,24.7914808479289
"100","CR249207",943.086628726767,157412.938476562,0.368170092179734,2997,52523.5029951827,36.8170092179734
"101","CR249208",1245.82660577697,158839.412109375,0.371888997629252,2991,53105.788067327,37.1888997629252
"102","CR249209",869.715701811102,109664.885742188,0.681423151467982,2985,36738.6551900126,68.1423151467982
"103","CR249210",560.756534178649,17605.5610351562,0.610332335053854,2978,5911.87408836677,61.0332335053854
"104","CR249211",499.377213420094,2881.42158508301,0.645474780067304,2972,969.522740606666,64.5474780067304
"105","CR249212",446.178492225686,3427.50253295898,0.657648324247252,2965,1155.98736356121,65.7648324247252
"106","CR249223",154.824119549921,21482.4881591797,0.302287196875439,2873,7477.37144419759,30.2287196875439
"107","CR250200",596.999433687776,2016.39054870606,0.604475795737329,3034,664.598071425859,60.4475795737329
"108","CR250201",1212.65819940429,4447.22877502442,0.23608555250983,3029,1468.21682899452,23.608555250983
"109","CR250202",623.32637253765,21195.9182128906,0.315942081985688,3025,7006.91511169938,31.5942081985688
"110","CR250203",332.666797080501,21645.2606201172,0.722361537019665,3020,7167.30484109841,72.2361537019665
"111","CR250204",767.669549512373,36234.0927734375,0.536619596510035,3014,12021.9285910542,53.6619596510035
"112","CR250205",888.926061887956,26066.9249267578,0.498952006331699,3009,8662.98601753334,49.8952006331699
"113","CR250206",873.170663841198,32742.3591308594,0.519395137360631,3003,10903.2164937927,51.9395137360631
"114","CR250207",1325.51175718516,112909.642089844,0.385968099182258,2997,37674.2215848661,38.5968099182258
"115","CR250208",915.759768953693,83418.9150390625,0.58331436328929,2991,27889.9749378343,58.331436328929
"116","CR250209",535.064167729718,44629.8586425781,0.76147673494498,2985,14951.3764296744,76.147673494498
"117","CR250210",487.430476813904,11700.2066040039,0.670709895107532,2978,3928.88065950433,67.0709895107532
"118","CR250211",611.514932408395,41911.6162109375,0.452676845533504,2972,14102.1588865873,45.2676845533504
"119","CR250212",539.946006871949,57298.7687988281,0.410324234349197,2965,19325.0484987616,41.0324234349197
"120","CR250213",634.961571495928,30023.5355224609,0.478965131765505,2957,10153.3769098617,47.8965131765505
"121","CR250220",243.158387554233,9246.34405517578,0.456485259277901,2901,3187.29543439358,45.6485259277901
"122","CR250221",271.005106871228,8102.09341430664,0.331544874414355,2892,2801.55373938681,33.1544874414355
"123","CR250222",162.586857649664,5721.96246337891,0.31465739569438,2882,1985.41376244931,31.465739569438
"124","CR250223",4.80879909565841,40577.1433105469,0.174343824418272,2873,14123.614100434,17.4343824418272
"125","CR250224",20.6948174123544,79370.8984375,0.199926080288081,2863,27722.9823393294,19.9926080288081
"126","CR250225",33.4090256068264,82853.3779296875,0.186707471856682,2854,29030.6159529389,18.6707471856682
"127","CR250226",60.2096862862745,78211.0229492188,0.166854779030998,2844,27500.3596867858,16.6854779030998
"128","CR250227",13.2353601039113,60821.4345703125,0.0887229052694835,2833,21468.9144265134,8.87229052694835
"129","CR250228",39.708987826929,19510.7991333008,0.116441683012836,2588,7538.94866047171,11.6441683012836
"130","CR251184",176.339322146783,5446.88662719727,0.599092619101519,2990,1821.70121310945,59.9092619101519
"131","CR251185",72.4053271609152,3000.61283874511,0.347658260546299,2135,1405.43926873307,34.7658260546299
"132","CR251200",807.613118285351,2216.73402404785,0.486448129977983,3034,730.63085828868,48.6448129977983
"133","CR251201",736.746254195177,3104.87057495117,0.429566102658996,3029,1025.04806039986,42.9566102658996
"134","CR251202",772.477824470853,36769.4763183594,0.505601479539006,3025,12155.1987829287,50.5601479539006
"135","CR251203",442.818884481441,25022.9291992188,0.689077941735488,3020,8285.73814543667,68.9077941735488
"136","CR251204",415.343524251505,18945.0317382812,0.731090897144716,3014,6285.67741814242,73.1090897144716
"137","CR251205",273.263280154661,10375.9713134766,0.822382353348353,3009,3448.31216798822,82.2382353348353
"138","CR251206",286.514262800741,12152.3596801758,0.787740445119918,3003,4046.73982023836,78.7740445119918
"139","CR251207",415.825867659294,14605.7896728516,0.675160962167932,2997,4873.47002764483,67.5160962167932
"140","CR251208",490.142049913848,13437.1047363281,0.66277598443235,2991,4492.51244945775,66.277598443235
"141","CR251209",331.107296031802,10716.9983520508,0.768505804883249,2985,3590.28420504214,76.8505804883249
"142","CR251210",471.869561656976,25290.1802978516,0.595113325180158,2978,8492.33723903679,59.5113325180158
"143","CR251211",1132.89191274216,93127.1567382812,0.301054085752803,2972,31334.8441245899,30.1054085752803
"144","CR251212",329.026760290857,40808.8796386719,0.511856924860917,2965,13763.5344481187,51.1856924860917
"145","CR251213",329.828816202019,57290.8471679688,0.34375751600314,2957,19374.6524071589,34.375751600314
"146","CR251214",243.291283427835,42885.7583007812,0.334757175021223,2950,14537.5451867055,33.4757175021223
"147","CR251215",307.42588205365,47134.0883789062,0.299112172338166,2942,16021.104139669,29.9112172338166
"148","CR251216",454.775239936675,19441.51171875,0.31519959755881,2934,6626.28211273006,31.519959755881
"149","CR251217",510.610410011679,17625.7181396484,0.347103758083503,2926,6023.82711539591,34.7103758083503
"150","CR251218",231.511800166161,14432.604675293,0.334011332186869,2918,4946.06054670767,33.4011332186869
"151","CR251219",55.802713846318,15582.8977050781,0.267206704270996,2909,5356.78848576079,26.7206704270996
"152","CR251220",132.944033135139,15368.7897338867,0.306752380420793,2901,5297.75585449387,30.6752380420793
"153","CR251221",72.5873898865451,15448.9783325195,0.246564651421234,2892,5341.97037777301,24.6564651421234
"154","CR251222",60.8992072649368,16482.1516113281,0.229836145511496,2882,5718.99778325056,22.9836145511496
"155","CR251223",8.22265542978445,36907.9509277344,0.193420030961783,2873,12846.484833879,19.3420030961783
"156","CR251224",30.826388914893,79412.794921875,0.178854448855049,2863,27737.6161096315,17.8854448855049
"157","CR251227",24.0376421553128,60983.9919433594,0.0952450059684356,2833,21526.2943675818,9.52450059684356
"158","CR252201",651.149592445065,2921.3666381836,0.587475163596147,3029,964.465710856255,58.7475163596147
"159","CR252202",246.823094784656,21388.6480712891,0.813607664901129,3025,7070.62746158316,81.3607664901129
"160","CR252203",582.815286249549,32799.6756591797,0.697605837842293,3020,10860.8197546953,69.7605837842293
"161","CR252204",177.307106830285,9980.53143310547,0.866817281296506,3014,3311.3906546468,86.6817281296506
"162","CR252205",143.911437538607,8145.85229492188,0.847942711176562,3009,2707.16261047586,84.7942711176562
"163","CR252206",73.3699833151273,3421.82371520996,0.878959917773924,3003,1139.46843663335,87.8959917773924
"164","CR252207",422.80661883211,7904.14080810547,0.622565012998364,2997,2637.35095365548,62.2565012998364
"165","CR252208",276.280105809777,6156.50860595703,0.725765205683932,2991,2058.34456902609,72.5765205683932
"166","CR252209",486.656781073442,12581.4635009766,0.433580977241368,2985,4214.89564521828,43.3580977241368
"167","CR252210",1013.69728007546,78936.5024414062,0.384994353833547,2978,26506.5488386186,38.4994353833547
"168","CR252211",972.471422859479,116913.253417969,0.214154838004802,2972,39338.2413923179,21.4154838004802
"169","CR252212",551.296251644931,43155.9311523438,0.470698046281824,2965,14555.1201188343,47.0698046281824
"170","CR252213",306.806142462519,34185.8781738281,0.410025243938487,2957,11561.0003969659,41.0025243938487
"171","CR252214",63.2674240256898,54673.4243164062,0.385151911315088,2950,18533.364175053,38.5151911315088
"172","CR252215",702.852369835132,51724.6088867188,0.326150019544031,2942,17581.4442171036,32.6150019544031
"173","CR252216",624.235940650585,21804.447265625,0.362360809639568,2934,7431.64528480743,36.2360809639568
"174","CR252217",503.083489210362,16923.619140625,0.338585626302762,2926,5783.87530438312,33.8585626302762
"175","CR252218",645.767204944261,15166.5310058594,0.331071467587118,2918,5197.57745231644,33.1071467587118
"176","CR252219",68.133268955436,12593.8830566406,0.403389636128655,2909,4329.28259080118,40.3389636128655
"177","CR252220",57.6772197359523,15980.8389892578,0.208742080191416,2901,5508.7345705818,20.8742080191416
"178","CR252221",145.596705576117,16627.9784545898,0.219652536590227,2892,5749.64676853038,21.9652536590227
"179","CR252222",164.575972421682,13304.4513549805,0.241857132669551,2882,4616.39533483014,24.1857132669551
"180","CR252223",125.954209775167,42193.6823730469,0.191743607658645,2873,14686.2799766957,19.1743607658645
"181","CR253202",81.5188019008602,12824.5502319336,0.882615072320147,3025,4239.52073782929,88.2615072320147
"182","CR253203",57.496698056497,8445.26379394531,0.957295382475739,3020,2796.44496488255,95.7295382475739
"183","CR253204",7.31602077376412,2143.66059875488,0.973633481010228,3014,711.234438870233,97.3633481010228
"184","CR253207",391.535186397312,6311.21716308594,0.710095306869122,2997,2105.84489926124,71.0095306869122
"185","CR253208",346.311115235089,8329.97509765625,0.66579549702671,2991,2785.01340610373,66.579549702671
"186","CR253209",596.084591777644,11434.7874755859,0.525174358703051,2985,3830.74957306062,52.5174358703051
"187","CR253210",922.541166812316,49179.0151367188,0.43142921472261,2978,16514.1085079647,43.142921472261
"188","CR253211",777.271936937878,46654.3549804688,0.472734975833954,2972,15697.966009579,47.2734975833954
"189","CR253212",585.035865528686,23675.3698730469,0.53885028565361,2965,7984.94768062289,53.885028565361
"190","CR253213",294.988347306726,23636.1340332031,0.628302870042614,2957,7993.28171565882,62.8302870042614
"191","CR253214",376.543396841593,37841.0822753906,0.418324050765173,2950,12827.4855170816,41.8324050765173
"192","CR253215",593.58337022571,36524.7448730469,0.445275454329202,2942,12414.9370744551,44.5275454329202
"193","CR253216",427.389506107729,27804.2634277344,0.494719350595564,2934,9476.57240209079,49.4719350595564
"194","CR253217",487.750090430957,15611.5099487305,0.335272972761925,2926,5335.4442750275,33.5272972761925
"195","CR253218",434.214637979602,14902.3393554688,0.269415148126275,2918,5107.03884697353,26.9415148126275
"196","CR253219",354.175615519696,13550.38671875,0.234819683914539,2909,4658.09099991406,23.4819683914539
"197","CR253220",308.223754662005,7819.59963989258,0.172548909205633,2901,2695.48419162102,17.2548909205633
"198","CR253223",242.070208918964,10675.8325195312,0.27628554038,2873,3715.91803673207,27.628554038
"199","CR253224",163.375264792907,31504.4403076172,0.215247504354327,2863,11003.9959160381,21.5247504354327
"200","CR254205",10.5573084526461,3486.22039794922,0.947252197236722,3009,1158.59767296418,94.7252197236723
"201","CR254207",818.837954322759,9903.55426025391,0.492526531087072,2997,3304.48924266063,49.2526531087072
"202","CR254208",568.486332379849,19563.6129150391,0.557797920462845,2991,6540.82678536913,55.7797920462845
"203","CR254209",331.737809496987,23263.0654296875,0.813146634896503,2985,7793.32175198911,81.3146634896503
"204","CR254210",515.038984721003,30266.513671875,0.650393027703924,2978,10163.3692652367,65.0393027703924
"205","CR254211",807.141441312055,35805.9721679688,0.451928420374584,2972,12047.7699084686,45.1928420374584
"206","CR254212",410.9483713633,20963.5786132812,0.571317862148794,2965,7070.34691847597,57.1317862148794
"207","CR254213",293.165401379085,23618.8905029297,0.56205347987141,2957,7987.45028844426,56.205347987141
"208","CR254214",217.305197446701,29459.7873535156,0.601858903009098,2950,9986.36859441208,60.1858903009098
"209","CR254215",269.408349076896,47041.5471191406,0.393162570405726,2942,15989.6489188105,39.3162570405726
"210","CR254216",310.701386940238,46457.0366210938,0.351603288931062,2934,15834.0274782187,35.1603288931062
"211","CR254217",140.939920979831,32094.4577636719,0.359198864062671,2926,10968.714204946,35.9198864062671
"212","CR254218",347.689623639034,33416.4971923828,0.257780613284188,2918,11451.8496204191,25.7780613284188
"213","CR254219",459.416544861135,11992.0293579102,0.203376575078267,2909,4122.38891643525,20.3376575078267
"214","CR254224",294.730672520841,4320.14640808106,0.223588393252143,2863,1508.95787917606,22.3588393252143
"215","CR255201",173.246581081039,3144.78712463379,0.702880067959127,3029,1038.22618839016,70.2880067959127
"216","CR255202",285.913892767054,5269.66070556641,0.52740662298407,3025,1742.03659688146,52.740662298407
"217","CR255203",274.878331335366,3652.55407714844,0.681029638783028,3020,1209.45499243326,68.1029638783028
"218","CR255204",157.87764755398,10253.8402099609,0.791073109393783,3014,3402.07040808259,79.1073109393783
"219","CR255205",185.105246411129,14337.3063964844,0.785205338246243,3009,4764.80770903435,78.5205338246243
"220","CR255206",202.025957454476,10362.6251831055,0.803089762710982,3003,3450.75763673176,80.3089762710982
"221","CR255207",780.935494644471,24167.1131591797,0.49618169617214,2997,8063.76815454778,49.618169617214
"222","CR255208",545.80149101797,31940.7277832031,0.45203731337108,2991,10678.9460993658,45.203731337108
"223","CR255209",367.385528340274,38440.5109863281,0.448606192466257,2985,12877.8931277481,44.8606192466257
"224","CR255210",621.63353857689,42088.4079589844,0.418528798962515,2978,14133.1121420364,41.8528798962515
"225","CR255211",200.259197372866,10844.8607177734,0.743514304835142,2972,3649.01100867209,74.3514304835142
"226","CR255212",482.703101076777,15832.3430175781,0.5326001665641,2965,5339.74469395552,53.26001665641
"227","CR255213",544.902197171037,26641.9166259766,0.449831383916276,2957,9009.77904158829,44.9831383916276
"228","CR255214",530.104504676861,43538.5363769531,0.404429393656695,2950,14758.8258904926,40.4429393656695
"229","CR255215",197.332259089756,45586.3010253906,0.339521987773851,2942,15495.0037475835,33.9521987773851
"230","CR255216",243.913044174978,39972.2185058594,0.417958322523287,2934,13623.7963550986,41.7958322523287
"231","CR255217",269.408783896707,48642.1298828125,0.500584638765777,2926,16624.1045395805,50.0584638765777
"232","CR255218",190.710016351484,44046.9877929688,0.147507515168655,2918,15094.9238495438,14.7507515168655
"233","CR255219",420.53537462962,21647.2099609375,0.190301846808979,2909,7441.46096972757,19.0301846808979
"234","CR255224",195.366932439626,3935.59387207031,0.204685745966147,2863,1374.63984354534,20.4685745966147
"235","CR256201",479.980740672228,4894.69165039062,0.57015600821682,3029,1615.94310016198,57.015600821682
"236","CR256202",786.616799608445,6861.84698486328,0.40244699930449,3025,2268.37916854984,40.244699930449
"237","CR256203",436.707046922531,4667.80563354492,0.565365751427091,3020,1545.63100448507,56.5365751427091
"238","CR256204",350.451044102702,9986.28851318359,0.620113698547495,3014,3313.30076747963,62.0113698547495
"239","CR256205",711.80648900487,29342.1375732422,0.520278485784574,3009,9751.45814996417,52.0278485784574
"240","CR256206",925.637914935142,24786.8067626953,0.436723358930949,3003,8254.01490599244,43.6723358930949
"241","CR256207",613.337169529876,26526.5284423828,0.458895336507978,2997,8851.02717463557,45.8895336507978
"242","CR256208",499.418565266196,36602.8486328125,0.364953971270375,2991,12237.6625318664,36.4953971270375
"243","CR256209",310.732399813528,33033.7321777344,0.528584645670242,2985,11066.5769439646,52.8584645670242
"244","CR256210",453.432863276151,27229.8041992188,0.482167218513542,2978,9143.65486877728,48.2167218513542
"245","CR256212",354.619156382221,4245.68649291992,0.429652773579843,2965,1431.93473622932,42.9652773579843
"246","CR256213",368.059987789533,7942.89950561523,0.503108837747866,2957,2686.13442868287,50.3108837747866
"247","CR256214",454.152153397428,56974.1064453125,0.37348607534681,2950,19313.2564221398,37.348607534681
"248","CR256215",193.615999122583,55152.4106445312,0.358475308152844,2942,18746.5705793784,35.8475308152844
"249","CR256216",126.676244778775,50919.2153320312,0.308558331444146,2934,17354.8791179384,30.8558331444146
"250","CR256217",226.708925954607,49031.04296875,0.313326551717006,2926,16757.0208368934,31.3326551717006
"251","CR256218",200.43228664671,54303.7102050781,0.175125430375601,2918,18609.9075411508,17.5125430375601
"252","CR256219",131.425371693918,22954.8896484375,0.164819539829276,2909,7890.98991008508,16.4819539829276
"253","CR257200",325.152687649179,1870.84796142578,0.590563909626438,3034,616.62754166967,59.0563909626438
"254","CR257201",935.531478425616,4698.93862915039,0.434884847860953,3029,1551.31681384958,43.4884847860953
"255","CR257202",942.89499491791,6848.3649597168,0.451867845319288,3025,2263.92230073283,45.1867845319288
"256","CR257203",853.655823669468,6202.14895629883,0.506548525363502,3020,2053.69170738372,50.6548525363502
"257","CR257204",730.75264526396,6929.77230834961,0.452752643597436,3014,2299.19452831772,45.2752643597436
"258","CR257205",619.213333626705,7373.34548950195,0.435427745940404,3009,2450.43053821933,43.5427745940404
"259","CR257206",357.491813233274,4775.42156982422,0.564533413290909,3003,1590.21697296844,56.4533413290909
"260","CR257207",152.680293729566,7116.79336547852,0.75333431297738,2997,2374.63909425376,75.333431297738
"261","CR257208",167.07195233153,26544.8941650391,0.750123484547211,2991,8874.92282348347,75.0123484547211
"262","CR257209",220.427851402715,13210.6802368164,0.818495692239234,2985,4425.68852154653,81.8495692239234
"263","CR257210",365.075022339062,9650.45538330078,0.731324428893351,2978,3240.58273448649,73.1324428893351
"264","CR257212",425.740345483619,4982.27807617188,0.268607118230127,2965,1680.3636007325,26.8607118230127
"265","CR257213",140.31796480781,6782.89880371094,0.283378842859184,2957,2293.84470872876,28.3378842859184
"266","CR257214",196.146131183508,46904.9802246094,0.317094041761377,2950,15899.9932964778,31.7094041761377
"267","CR257215",35.0020421667219,62963.7529296875,0.266575333071882,2942,21401.6835247068,26.6575333071882
"268","CR257216",68.4407957129196,59497.2055664062,0.231216387554332,2934,20278.5295045693,23.1216387554332
"269","CR257217",167.029227738012,56453.7141113281,0.213048450404641,2926,19293.8189033931,21.3048450404641
"270","CR257218",166.502891673776,29823.8439941406,0.253314889479916,2918,10220.6456456959,25.3314889479916
"271","CR257219",10.3746989624433,12741.7337646484,0.238299870817212,2909,4380.10785996852,23.8299870817212
"272","CR258200",628.662169537474,3370.6828918457,0.470049321785798,3034,1110.96997094453,47.0049321785798
"273","CR258201",1412.79491250643,8035.02960205078,0.283768321549883,3029,2652.7004298616,28.3768321549883
"274","CR258202",95.4587284644863,2723.80987548828,0.854760646474331,3025,900.43301669034,85.4760646474331
"275","CR258203",83.3202066189473,3050.56332397461,0.960184133090192,3020,1010.12030595186,96.0184133090192
"276","CR258204",243.656856534345,5951.70422363281,0.743886988897976,3014,1974.68620558487,74.3886988897976
"277","CR258205",383.94800629993,6004.85147094727,0.740699466717128,3009,1995.63026618387,74.0699466717128
"278","CR258206",138.324633338352,6072.46154785156,0.884594379811661,3003,2022.13171756629,88.4594379811661
"279","CR258207",62.4520525697062,4519.70051574707,0.90476584639376,2997,1508.07491349585,90.476584639376
"280","CR258213",70.018547846377,4123.29566955567,0.318434008574122,2957,1394.41855581862,31.8434008574122
"281","CR258214",316.038606221257,37386.7895507812,0.281733406411933,2950,12673.4879833157,28.1733406411933
"282","CR258215",49.6579765222305,62053.1450195312,0.232821658546415,2942,21092.1635008604,23.2821658546415
"283","CR258216",102.517900823951,62192.85546875,0.215247909186395,2934,21197.292252471,21.5247909186395
"284","CR258217",161.477979099934,45733.9357910156,0.208930974333051,2926,15630.1899490826,20.8930974333051
"285","CR258218",70.620700388755,6677.58135986328,0.180178965163926,2918,2288.41033579962,18.0178965163926
"286","CR258219",40.6997094496281,4006.37683105469,0.141939506350333,2909,1377.23507427112,14.1939506350333
"287","CR259200",711.658039762758,2937.44944763183,0.49375279510746,3034,968.177141605745,49.375279510746
"288","CR259201",530.331525078879,7139.06381225586,0.550735151257105,2945,2424.13032674223,55.0735151257105
"289","CR259202",76.46131693914,2900.46578979492,0.884678572993117,3025,958.831666047908,88.4678572993117
"290","CR259203",20.7441601524269,4532.18757629395,0.842501191378823,3020,1500.72436301124,84.2501191378823
"291","CR259204",35.7080809107399,4423.4122467041,0.856288023296886,2847,1553.70995669269,85.6288023296886
"292","CR259205",22.5312563720269,2667.75573730469,0.933681413392984,3009,886.592136026815,93.3681413392984
"293","CR259214",79.8882031432807,16472.6744384766,0.303756319004657,2950,5583.95743677172,30.3756319004657
"294","CR259215",61.1240659882261,49959.3723144531,0.228511087383725,2942,16981.431786014,22.8511087383725
"295","CR259216",15.4715574657627,59534.3286132812,0.157920252097284,2934,20291.1822131156,15.7920252097284
"296","CR259217",12.9992360381727,29125.3316650391,0.199134540346796,2926,9953.9752785506,19.9134540346796
"297","CR259218",35.0751098891176,7493.58364868164,0.151538138895026,2918,2568.05471167979,15.1538138895026
"298","CR259220",32.9924181779625,6327.03129577637,0.0818298906268821,2901,2180.98286652064,8.18298906268821
"299","CR260200",84.9802688553327,2048.13619995117,0.805463024125225,3034,675.061371111131,80.5463024125225
"300","CR260201",55.4965489111788,3505.02392578125,0.937214790463781,2777,1262.16201864647,93.7214790463781
"301","CR260213",13.3645974913111,2452.61964416504,0.217006790306397,2957,829.42835446907,21.7006790306397
"302","CR260214",4.37903971102747,30002.767578125,0.109288428624306,2950,10170.4296875,10.9288428624306
"303","CR260215",13.873869259253,49362.0280761719,0.169792811767015,2942,16778.3915962515,16.9792811767015
"304","CR260218",29.338373531104,11189.0431518555,0.0793648355114947,2918,3834.49045642751,7.93648355114947
"305","CR260219",35.7560015443409,11864.3353271484,0.151041901724412,2909,4078.49272160483,15.1041901724412
"306","CR260220",7.1806591060388,6091.42601013184,0.0773292748334337,2901,2099.76766981449,7.73292748334337
"307","CR261200",459.437451038449,3721.16400146485,0.576316119306649,3034,1226.48780536086,57.6316119306649
"308","CR261205",304.03434058481,3184.54537963867,0.628863302214066,3009,1058.34010622754,62.8863302214066
"309","CR261206",352.316462401835,3089.80438232422,0.448836929375116,3003,1028.90588821985,44.8836929375116
"310","CR261208",317.347857539078,4219.65357971191,0.38590910773764,2991,1410.78354386891,38.590910773764
"311","CR261209",233.608317177711,3109.08390808105,0.336110053260149,2985,1041.56914843586,33.6110053260149
"312","CR261211",27.1101211030087,3136.59860229492,0.224570594749513,2972,1055.38310978968,22.4570594749513
"313","CR261212",59.5538527642415,4250.8606262207,0.246327437016689,2965,1433.67980648253,24.6327437016689
"314","CR261213",12.4369178543518,5296.71737670898,0.172285588104729,2957,1791.24699922522,17.2285588104729
"315","CR261214",13.4764421853108,24915.8541259766,0.171551455607335,2950,8446.05224609375,17.1551455607335
"316","CR261215",27.5271663486803,47154.9423828125,0.201140752470656,2942,16028.1925162517,20.1140752470656
"317","CR261219",10.2056927165395,12803.7651367188,0.25215556584062,2909,4401.43181049115,25.215556584062
"318","CR261220",14.3610365232795,6652.49925231934,0.107948205100922,2901,2293.17450958957,10.7948205100922
"319","CR262189",693.996654680528,2417.14753723145,0.278145281142383,3069,787.601022232469,27.8145281142383
"320","CR262198",397.931123876835,3751.90660095215,0.619889557694558,3042,1233.36837638138,61.9889557694558
"321","CR262199",201.999348980783,3680.05581665039,0.783981653115067,3038,1211.34161180065,78.3981653115067
"322","CR262200",388.742106382212,3535.18420410156,0.650112051678985,3034,1165.18925646063,65.0112051678985
"323","CR262203",363.17912532978,3362.27796936036,0.685933418077382,3020,1113.33707594714,68.5933418077382
"324","CR262204",311.858177616625,3962.20671081543,0.527073006126654,3014,1314.6007666939,52.7073006126654
"325","CR262205",278.173465783627,5509.9963684082,0.456267550878889,3009,1831.17194031512,45.6267550878889
"326","CR262206",278.988935961131,4834.85412597656,0.482232494517503,3003,1610.00803395823,48.2232494517503
"327","CR262207",234.434388020024,4737.60824584961,0.392426157174404,2997,1580.78353214869,39.2426157174404
"328","CR262208",136.323312139375,5422.29632568359,0.4103322455575,2991,1812.87072072337,41.03322455575
"329","CR262209",102.885495455807,5219.6201171875,0.393303244227659,2985,1748.61645466918,39.3303244227659
"330","CR262210",81.7437399709986,3602.58288574219,0.414771791762282,2978,1209.73233235131,41.4771791762282
"331","CR262211",15.6238085990694,5419.77890014648,0.309798060550715,2972,1823.61335805736,30.9798060550715
"332","CR262212",60.6955163003586,12013.5769042969,0.422461109349787,2965,4051.7965950411,42.2461109349787
"333","CR262213",34.7820040775849,8261.68188476562,0.23092645338163,2957,2793.94044124641,23.092645338163
"334","CR262214",18.9524509570351,4851.55911254883,0.216270541699272,2950,1644.59630933859,21.6270541699272
"335","CR262215",48.1850833086121,43732.5627441406,0.231172686575326,2942,14864.9091584434,23.1172686575326
"336","CR262216",41.6656595888222,50601.5595703125,0.195273282131265,2934,17246.6119871549,19.5273282131265
"337","CR262219",13.2899668800257,26934.26171875,0.209281030694292,2909,9258.9418077518,20.9281030694292
"338","CR262220",13.2283448436897,9747.76184082031,0.124773416207268,2901,3360.13851803527,12.4773416207268
"339","CR262227",7.62984739476438,14983.1394042969,0.201945509423474,2833,5288.7890590529,20.1945509423474
"340","CR263189",516.816123949042,2822.53216552735,0.599441271562366,3069,919.691158529601,59.9441271562366
"341","CR263190",777.561696213377,4206.85221862793,0.445028647675675,3067,1371.65054405867,44.5028647675675
"342","CR263191",419.245351023494,2464.29020690918,0.348653469738134,3065,804.009855435296,34.8653469738134
"343","CR263197",670.029208858009,3752.95861816406,0.16497395918364,3046,1232.09409657389,16.497395918364
"344","CR263198",339.227709549326,3651.04336547852,0.365481222235782,3042,1200.21149424014,36.5481222235782
"345","CR263199",369.030518785024,2839.49681091309,0.57710469562729,3038,934.659911426296,57.710469562729
"346","CR263201",278.189882001686,6497.80053710938,0.513700860564684,3029,2145.19661178916,51.3700860564684
"347","CR263202",243.805898594931,6307.72241210938,0.594119175627874,3025,2085.19749160641,59.4119175627874
"348","CR263203",265.680156015719,5975.17440795898,0.525276260315635,3020,1978.53457217185,52.5276260315635
"349","CR263204",314.623887335069,4765.10186767578,0.554913446810133,3014,1580.9893389767,55.4913446810133
"350","CR263205",400.412685497885,4958.62390136719,0.478706306537456,3009,1647.93084126527,47.8706306537456
"351","CR263206",338.544397169358,3715.28218078613,0.63229084593212,3003,1237.19020339198,63.229084593212
"352","CR263207",286.133997368207,4487.23403930664,0.587960250949814,2997,1497.24192169057,58.7960250949814
"353","CR263208",118.980678795234,4709.947265625,0.660322897875361,2991,1574.7065414995,66.0322897875361
"354","CR263209",176.325527686893,3863.16970825195,0.492143974212082,2985,1294.19420711958,49.2143974212082
"355","CR263210",67.7204951188169,4536.59341430664,0.566606558616832,2978,1523.36917874635,56.6606558616832
"356","CR263211",66.5352982159106,28218.2374267578,0.460916737984482,2972,9494.696307792,46.0916737984482
"357","CR263212",60.5629424697904,30017.4202880859,0.489055519133808,2965,10123.9191528114,48.9055519133808
"358","CR263213",69.4835672655252,32889.8615722656,0.294297080461284,2957,11122.712740029,29.4297080461284
"359","CR263214",77.018347576559,34591.8342285156,0.254011789159304,2950,11726.0455011917,25.4011789159304
"360","CR263215",124.238430070141,43270.556640625,0.268371409412837,2942,14707.8710539174,26.8371409412837
"361","CR263216",121.45981718085,45512.0766601562,0.295610940577337,2934,15511.9552352271,29.5610940577337
"362","CR263218",31.2213524742284,29121.2896728516,0.195502791346053,2918,9979.87994271815,19.5502791346053
"363","CR263219",24.4236875941098,33303.77734375,0.240391477258726,2909,11448.531228515,24.0391477258726
"364","CR264189",413.583266692927,3099.25991821289,0.630712880769289,3069,1009.8598625653,63.0712880769289
"365","CR264190",502.747846323573,4685.92079162598,0.398862377769993,3067,1527.85157861949,39.8862377769993
"366","CR264197",224.683587012522,5185.27191162109,0.728631139988308,3046,1702.32170440614,72.8631139988308
"367","CR264198",286.585702105748,6140.58920288086,0.730619076668756,3042,2018.60263079581,73.0619076668756
"368","CR264199",429.641082740162,6075.31723022461,0.722852294947644,3038,1999.77525682179,72.2852294947644
"369","CR264200",223.809728811593,5617.14529418945,0.795191420714402,3034,1851.39924000971,79.5191420714402
"370","CR264201",429.735380243698,10125.3839111328,0.6639013745422,3029,3342.81410073715,66.39013745422
"371","CR264202",388.138864852454,15456.1899414062,0.617261208477301,3025,5109.48427815083,61.7261208477301
"372","CR264203",345.630251188307,10568.3201904297,0.661796167951258,3020,3499.44377166546,66.1796167951258
"373","CR264204",320.852510893498,3724.62908935547,0.705018435885927,3014,1235.77607476956,70.5018435885927
"374","CR264205",321.520306855799,2651.73928833008,0.757564505371998,3009,881.26928824529,75.7564505371998
"375","CR264206",164.957155523091,3244.11959838867,0.770412541516237,3003,1080.29290655633,77.0412541516237
"376","CR264207",185.762944392553,3443.37254333497,0.718451606014758,2997,1148.93978756589,71.8451606014758
"377","CR264208",136.349890286282,3191.41822814942,0.744694867791451,2991,1067.00709734183,74.4694867791451
"378","CR264209",123.55821862681,2876.87449645996,0.635264264160075,2985,963.777050740355,63.5264264160075
"379","CR264210",39.3686499025811,6793.01080322266,0.766446207757999,2978,2281.06474251936,76.6446207757999
"380","CR264211",30.4486545659833,23756.560546875,0.497270220749168,2972,7993.45913421097,49.7270220749168
"381","CR264212",33.1733912193509,27476.4210205078,0.475596179150406,2965,9266.92108617464,47.5596179150406
"382","CR264213",52.4158324838996,28696.0814208984,0.427485445745892,2957,9704.45770067583,42.7485445745892
"383","CR264214",147.311869685219,43972.779296875,0.302684361020762,2950,14906.0268802966,30.2684361020762
"384","CR264215",131.444106433472,45521.642578125,0.314769242306274,2942,15473.0260292743,31.4769242306274
"385","CR264216",113.075530070881,33053.3929443359,0.405154747237373,2934,11265.6417669857,40.5154747237373
"386","CR264217",31.6145425273042,35328.8459472656,0.241908285657544,2926,12074.1100298242,24.1908285657544
"387","CR264219",110.29528234268,36437.4050292969,0.293938003203634,2909,12525.7494084898,29.3938003203634
"388","CR264220",4.55889661209935,62435.171875,0.179626503814709,2901,21521.9482506032,17.9626503814709
"389","CR265189",707.172149705759,3990.80517578125,0.435186443817666,3069,1300.36010941064,43.5186443817666
"390","CR265196",177.288922171438,5508.75595092773,0.814173179529701,3050,1806.14949210745,81.4173179529701
"391","CR265197",155.120967153691,7662.51959228516,0.876189493792019,3046,2515.60065406604,87.6189493792019
"392","CR265198",169.982014585911,7447.62051391602,0.907384648640187,3042,2448.26446874294,90.7384648640187
"393","CR265199",141.552046090255,6929.51977539062,0.925462468532422,3038,2280.94791816676,92.5462468532422
"394","CR265200",156.288168970026,7209.6374206543,0.894710793124136,3034,2376.28128564743,89.4710793124136
"395","CR265201",260.241091775837,9161.12768554688,0.853012458582727,3029,3024.47265947404,85.3012458582727
"396","CR265202",101.679161769774,4125.58801269531,0.929759560770866,3025,1363.83074799845,92.9759560770866
"397","CR265203",190.906013842463,5302.9963684082,0.850320845941933,3020,1755.95906238682,85.0320845941933
"398","CR265204",149.958858771041,2894.2527923584,0.848265513425522,3014,960.269672315328,84.8265513425522
"399","CR265207",17.9070130975649,2681.66674804687,0.938422605240282,2997,894.78369971534,93.8422605240282
"400","CR265208",19.5899778950096,3033.51876831055,0.889957006880898,2991,1014.21556947862,88.9957006880898
"401","CR265209",21.6798210162637,2672.81059265137,0.849535597447424,2985,895.413933886555,84.9535597447424
"402","CR265210",88.1461143170017,20622.2628173828,0.644646371078471,2978,6924.86998568933,64.4646371078471
"403","CR265211",44.6051633987852,22908.3780517578,0.657662355056065,2972,7708.06798511366,65.7662355056065
"404","CR265212",31.5667869088389,27912.3454589844,0.514560942687488,2965,9413.94450555965,51.4560942687488
"405","CR265213",89.1889037530234,25257.9682617188,0.416604014992621,2957,8541.754569401,41.6604014992621
"406","CR265214",176.718093393665,21705.9973144531,0.480789346793618,2950,7357.96519134004,48.0789346793618
"407","CR265215",231.52154128472,37858.24609375,0.37649179443323,2942,12868.2005757138,37.649179443323
"408","CR265216",35.9390445247702,34899.4086914062,0.414368443665129,2934,11894.8223215427,41.4368443665129
"409","CR265218",7.29586254644547,21476.86328125,0.316167170934834,2918,7360.13135066827,31.6167170934834
"410","CR265219",67.7089884890931,29588.8884277344,0.247673345536855,2909,10171.4982563542,24.7673345536855
"411","CR265222",4.76130778223544,29480.4583740234,0.104575800827553,2882,10229.1666807854,10.4575800827553
"412","CR266187",339.60974396044,2156.10730743408,0.452248636093863,3072,701.857847472032,45.2248636093863
"413","CR266193",309.580879634196,2921.36672973633,0.605459974192664,3059,955.007103542441,60.5459974192664
"414","CR266194",282.180973067267,4572.15419006347,0.758356192817847,3056,1496.12375329302,75.8356192817847
"415","CR266195",71.6698228591707,2960.64686584472,0.888645142927886,3053,969.750037944554,88.8645142927886
"416","CR266196",129.894973056422,6525.72650146484,0.908017882338513,3050,2139.58245949667,90.8017882338513
"417","CR266197",46.9203238713908,6883.70788574219,0.985978225170779,3046,2259.91723103814,98.5978225170779
"418","CR266198",61.7502835087774,6850.72946166992,0.972988294894012,3042,2252.04781777446,97.2988294894012
"419","CR266199",40.2406131653385,6928.13110351562,0.98879432547721,3038,2280.49081748375,98.879432547721
"420","CR266200",66.2836300543342,9417.64868164062,0.981682735804943,3034,3104.03713963106,98.1682735804943
"421","CR266201",45.9079692216609,6389.26708984375,0.982893011660377,3029,2109.36516667011,98.2893011660377
"422","CR266202",31.1835228552607,5136.5188293457,0.990998415964135,3025,1698.02275350271,99.0998415964135
"423","CR266206",12.5892697899789,3389.95137023926,0.628347377946512,3003,1128.85493514461,62.8347377946512
"424","CR266207",72.9052357828455,2677.36196899414,0.835289490233337,2997,893.347337001716,83.5289490233337
"425","CR266208",26.4133857111426,4013.6242980957,0.899125111704134,2991,1341.9004674342,89.9125111704134
"426","CR266209",80.9000069034949,3157.58100891113,0.610103029234058,2985,1057.81608338731,61.0103029234058
"427","CR266210",63.7354147639281,19883.2161865234,0.557884207536517,2978,6676.70120433964,55.7884207536517
"428","CR266211",62.8848095700954,29224.6058349609,0.50366386002211,2972,9833.31286506088,50.366386002211
"429","CR266212",46.4100169418196,33412.37109375,0.55254447017711,2965,11268.9278562395,55.254447017711
"430","CR266213",148.030831913939,26227.4670410156,0.346912779356046,2957,8869.62023706988,34.6912779356046
"431","CR266214",346.259883702169,22041.1141357422,0.34376440019332,2950,7471.56411381091,34.376440019332
"432","CR266215",235.84023600822,13766.8172607422,0.404735414737231,2942,4679.40763451468,40.4735414737231
"433","CR266216",39.5352588471434,23581.984375,0.303135574491708,2934,8037.48615371506,30.3135574491708
"434","CR266219",28.9924836726426,22836.7315673828,0.267345366682863,2909,7850.3718004066,26.7345366682863
"435","CR266220",6.34979677647676,26635.8693847656,0.281462705791986,2901,9181.61647182545,28.1462705791986
"436","CR266221",7.75609675460244,10621.7119140625,0.330404224018567,2892,3672.79111827887,33.0404224018567
"437","CR266222",5.40977529629538,7976.99755859375,0.27407899859444,2882,2767.86868792288,27.407899859444
"438","CR266223",1.28313041980691,5244.86865234375,0.276921874609325,2873,1825.57210314784,27.6921874609325
"439","CR267194",310.298996174191,11701.6969604492,0.773032172086638,3056,3829.08931951872,77.3032172086638
"440","CR267195",210.160263737376,26010.1918945312,0.861823153322056,3053,8519.55188160211,86.1823153322056
"441","CR267196",232.376851383716,22464.2009277344,0.865113103298682,3050,7365.31177958504,86.5113103298682
"442","CR267197",478.307319635848,10947.8973999023,0.749419292177254,3046,3594.1882468491,74.9419292177254
"443","CR267198",377.836585750481,16097.8542480469,0.814563154065927,3042,5291.86530179056,81.4563154065927
"444","CR267199",107.34511963749,13713.8638916016,0.963356701207669,3038,4514.10924674179,96.3356701207669
"445","CR267200",42.1930675133655,8965.26483154297,0.995182334784978,3034,2954.93237690935,99.5182334784978
"446","CR267202",8.91977025723414,4396.6748046875,0.998408575261115,3025,1453.44621642562,99.8408575261115
"447","CR267203",117.851367670874,9297.34753417969,0.921666537099322,3020,3078.591898735,92.1666537099322
"448","CR267206",200.796338129288,4123.26892089844,0.567164519176559,3003,1373.0499237091,56.7164519176559
"449","CR267207",223.796583551725,2997.55024719238,0.572932407182536,2997,1000.18359933012,57.2932407182536
"450","CR267210",143.609217693923,2870.92834472656,0.437720751688218,2978,964.045783991458,43.7720751688218
"451","CR267211",200.760824087247,25252.3811035156,0.5816702215317,2972,8496.76349378049,58.16702215317
"452","CR267212",203.986135546016,26111.9195556641,0.480938125841884,2965,8806.71823125263,48.0938125841884
"453","CR267213",177.754312993104,26162.1071777344,0.410035313401135,2957,8847.51680004544,41.0035313401135
"454","CR267214",236.434729018183,20508.2758789062,0.410645148835845,2950,6951.95792505297,41.0645148835845
"455","CR267215",191.416309249514,9870.43145751953,0.47963802325526,2942,3355.00729351446,47.963802325526
"456","CR267216",85.9701908356442,12312.8992919922,0.48358757370275,2934,4196.62552555971,48.358757370275
"457","CR268194",209.463142049459,10858.1900634766,0.837331566714981,3056,3553.07266475018,83.7331566714981
"458","CR268195",322.417372782344,29159.0852050781,0.795037561421865,3053,9550.96141666496,79.5037561421865
"459","CR268196",238.101198432929,20059.4245605469,0.841453001532013,3050,6576.86051165471,84.1453001532013
"460","CR268197",277.141472293154,19203.6340332031,0.863092014925224,3046,6304.54170492552,86.3092014925224
"461","CR268198",529.901683895665,21657.6118164062,0.740915277914627,3042,7119.53051163914,74.0915277914627
"462","CR268199",259.271594834854,21276.4559326172,0.900774078908953,3038,7003.44171580553,90.0774078908953
"463","CR268200",99.7333072061141,24738.8660888672,0.998618031167916,3034,8153.87807807093,99.8618031167916
"464","CR268201",60.4008246612387,9512.76599121094,0.986691066266498,3029,3140.5632192839,98.6691066266498
"465","CR268202",232.666845624916,30959.7236328125,0.84301431372684,3025,10234.6193827479,84.301431372684
"466","CR268203",911.380949622092,64574.4868164062,0.525681134757712,3020,21382.2804027835,52.5681134757712
"467","CR268204",542.44610594084,40910.3876953125,0.490191412385387,3014,13573.4531172238,49.0191412385387
"468","CR268205",467.450464769227,42747.4909667969,0.455683075092698,3009,14206.5440235284,45.5683075092698
"469","CR268206",276.238597424052,28317.7686767578,0.441754227295666,3003,9429.82639918675,44.1754227295666
"470","CR268207",200.930771715007,22543.0518798828,0.448529370377423,2997,7521.87249912673,44.8529370377423
"471","CR268208",142.377653818906,6784.16958618164,0.550494539222032,2991,2268.19444539674,55.0494539222032
"472","CR268209",62.066828714941,2326.1498413086,0.671831171006269,2985,779.27967883035,67.1831171006269
"473","CR268210",151.54082151939,6843.17953491211,0.763184600509434,2978,2297.91119372468,76.3184600509434
"474","CR268211",149.793936897628,18253.9630126953,0.755217297316981,2972,6141.97947937258,75.5217297316981
"475","CR268212",209.667056420913,20191.775390625,0.558906092994162,2965,6810.04229026138,55.8906092994162
"476","CR268213",381.347205499233,19837.8092041016,0.486478517234739,2957,6708.76198988893,48.6478517234739
"477","CR268214",153.398777685347,20865.0587158203,0.42578180844377,2950,7072.90125960011,42.578180844377
"478","CR268215",170.16180982876,9958.35119628906,0.550375310168976,2942,3384.8916370799,55.0375310168976
"479","CR268216",41.4312407133647,10301.1354370117,0.516361897881561,2934,3510.95277335096,51.6361897881561
"480","CR269194",180.254799283059,13639.4439086914,0.916475855339762,3056,4463.16881828907,91.6475855339762
"481","CR269195",154.78892431509,22560.1519775391,0.909919155308806,3053,7389.50277678974,90.9919155308806
"482","CR269196",352.824829150591,27337.2283935547,0.800644133887601,3050,8963.02570280482,80.0644133887601
"483","CR269197",340.021879392114,28026.2670898438,0.842010176687083,3046,9201.00692378324,84.2010176687083
"484","CR269198",174.030752882242,16218.0932617188,0.931461252285262,3042,5331.39160477276,93.1461252285262
"485","CR269199",160.694797251561,15795.4582519531,0.934636089900352,3038,5199.29501380946,93.4636089900352
"486","CR269201",452.125610893471,28700.4216308594,0.812649763827763,3029,9475.21347997999,81.2649763827763
"487","CR269202",566.745766042244,50527.7333984375,0.774959314286645,3025,16703.3829416322,77.4959314286645
"488","CR269203",564.279800553393,47563.2797851562,0.695086915511205,3020,15749.4303924358,69.5086915511205
"489","CR269204",726.131967858812,61774.4548339844,0.529164771144678,3014,20495.8377020519,52.9164771144678
"490","CR269205",539.731291560864,52024.5952148438,0.628568846525323,3009,17289.6627500312,62.8568846525323
"491","CR269206",651.459601952992,45545.1579589844,0.51132219846126,3003,15166.5527668946,51.132219846126
"492","CR269207",504.436719343371,28029.8416748047,0.5439597182702,2997,9352.63319145969,54.39597182702
"493","CR269208",317.455910563018,11339.3590698242,0.677091804240708,2991,3791.15983611642,67.7091804240708
"494","CR269209",221.327398916972,7734.10308837891,0.755267616315908,2985,2590.98930933967,75.5267616315908
"495","CR269211",112.364158144464,9919.57513427734,0.875704487977632,2972,3337.6766939022,87.5704487977632
"496","CR269212",117.702462292895,14931.3784179688,0.772246040427229,2965,5035.87804990514,77.2246040427229
"497","CR269213",158.328538234427,4699.38232421875,0.582755096300388,2957,1589.23987968169,58.2755096300388
"498","CR270194",144.991428853227,11780.8290405273,0.930636245757943,3056,3854.98332477989,93.0636245757943
"499","CR270195",145.338261016382,16425.2587890625,0.911065783496853,3053,5380.0389089625,91.1065783496853
"500","CR270196",313.004778219263,33105.3278808594,0.861860872797288,3050,10854.2058625768,86.1860872797288
"501","CR270197",613.737102864035,45321.6862792969,0.732313877927175,3046,14879.0828231441,73.2313877927175
"502","CR270198",112.871687188446,20214.4896240234,0.973781699886742,3042,6645.131368844,97.3781699886742
"503","CR270199",418.156640220388,18222.2451171875,0.796234343038727,3038,5998.10570019338,79.6234343038727
"504","CR270202",58.1449362665072,8664.14385986328,0.914123115566198,3025,2864.17978838456,91.4123115566198
"505","CR270203",241.646329434034,31147.814453125,0.902910002733313,3020,10313.8458454056,90.2910002733313
"506","CR270204",270.526975344253,35512.2436523438,0.87610323698258,3014,11782.4298780172,87.610323698258
"507","CR270205",206.478885894676,41201.8100585938,0.864084414091966,3009,13692.8581118623,86.4084414091966
"508","CR270206",235.837489302804,37143.7309570312,0.903556343384997,3003,12368.8747775662,90.3556343384997
"509","CR270207",120.762163992531,11749.7743530273,0.912653710376417,2997,3920.51196297209,91.2653710376417
"510","CR270208",108.581663913829,9055.62963867188,0.922021163208804,2991,3027.62609116412,92.2021163208804
"511","CR270209",26.2454311291967,7249.26977539062,0.969044789304359,2985,2428.56608890808,96.9044789304359
"512","CR270216",98.8834506949197,4188.30828857422,0.655516243414056,2934,1427.50793748269,65.5516243414056
"513","CR271194",127.310118286051,6813.35409545898,0.936903118565362,3056,2229.50068568684,93.6903118565362
"514","CR271195",85.3919015026948,10234.803527832,0.952194915618239,3053,3352.37586892631,95.2194915618239
"515","CR271196",162.961903715681,12989.0225219727,0.92446601435769,3050,4258.69590884349,92.446601435769
"516","CR271197",322.784218047112,20284.8039550781,0.835703894094949,3046,6659.48915137168,83.5703894094949
"517","CR271198",162.898388065726,14029.9852905273,0.929991983657426,3042,4612.0924689439,92.9991983657426
"518","CR271199",340.206107179713,15193.9730224609,0.81743792079634,3038,5001.30777566193,81.743792079634
"519","CR271203",45.4971839923129,5829.69158935547,0.881765068528384,3020,1930.36145342896,88.1765068528384
"520","CR271204",110.222723096272,16407.7747802734,0.833237024049523,3014,5443.85360991156,83.3237024049523
"521","CR271205",162.054723640407,33306.4067382812,0.845552661017528,3009,11068.9287930479,84.5552661017528
"522","CR271206",218.343070086058,43338.1479492188,0.888988443203238,3003,14431.6176987075,88.8988443203238
"523","CR271207",60.0709401102301,15183.2506713867,0.857888578602211,2997,5066.14970683574,85.7888578602211
"524","CR271215",21.4181709225818,3032.17353820801,0.412221111177805,2942,1030.65042087288,41.2221111177805
"525","CR272194",55.7754933911852,2965.37741088867,0.925104709763701,3056,970.346011416451,92.5104709763701
"526","CR272195",178.178103558203,8472.20422363281,0.899876207922831,3053,2775.04232677131,89.9876207922831
"527","CR272196",239.031678749632,12901.8703613281,0.878755585673877,3050,4230.12142994365,87.8755585673877
"528","CR272197",115.896890497421,7378.90866088867,0.931631916217026,3046,2422.49135288532,93.1631916217026
"529","CR272198",140.796905644873,8368.88519287109,0.930846630101178,3042,2751.11281816933,93.0846630101178
"530","CR272199",51.198599003596,5869.05139160156,0.94972153712207,3038,1931.87998406898,94.972153712207
"531","CR272205",46.4762862921021,5135.00912475586,0.810022711586166,3009,1706.55005807772,81.0022711586166
"532","CR272206",136.560496810751,20646.4284667969,0.783357765499851,3003,6875.26755471091,78.3357765499851
"533","CR272207",29.5695093351958,19552.6706542969,0.704523437245714,2997,6524.08096573136,70.4523437245713
"534","CR273187",14.8210808322294,4478.6707611084,0.980517242677271,3072,1457.90063838164,98.0517242677271
"535","CR273188",29.1717130590649,2655.76342773437,0.925048872957164,3071,864.787830587552,92.5048872957164
"536","CR273196",25.6989774643738,2686.7622680664,0.94085849365069,3050,880.905661661116,94.085849365069
"537","CR274187",34.9388612219214,5701.91458129883,0.992753724992355,3072,1856.09198609988,99.2753724992355
"538","CR274188",159.841926140991,11581.2932739258,0.936993847494475,3071,3771.17983520866,93.6993847494475
"539","CR274189",26.2644079507897,2618.71717071533,0.984708902234669,3069,853.280277196263,98.4708902234669
"540","CR275188",108.716427095759,5682.00381469726,0.880152227686663,3071,1850.21289960836,88.0152227686663
