"","ID","soyarea"
"1","CR213194",0
"2","CR213195",0
"3","CR213196",0
"4","CR213197",0
"5","CR214192",0
"6","CR214193",0
"7","CR214194",0
"8","CR214195",0
"9","CR214196",0
"10","CR214197",0
"11","CR214198",0
"12","CR214199",0
"13","CR215191",0
"14","CR215192",0
"15","CR215193",0
"16","CR215194",0
"17","CR215195",0
"18","CR215196",0
"19","CR215197",0
"20","CR215198",0
"21","CR215199",0
"22","CR216190",0
"23","CR216191",0
"24","CR216192",0
"25","CR216193",0
"26","CR216194",0
"27","CR216195",0
"28","CR216196",0
"29","CR216197",0
"30","CR216198",0
"31","CR216199",0
"32","CR216200",0
"33","CR217190",0
"34","CR217191",0
"35","CR217192",0
"36","CR217193",0
"37","CR217194",0
"38","CR217195",0
"39","CR217196",0
"40","CR217197",0
"41","CR217198",0
"42","CR217199",0
"43","CR217200",0
"44","CR218189",0
"45","CR218190",0
"46","CR218191",0
"47","CR218192",0
"48","CR218193",0
"49","CR218194",0
"50","CR218195",0
"51","CR218196",0
"52","CR218197",0
"53","CR218198",0
"54","CR218199",0
"55","CR218200",0
"56","CR219189",0
"57","CR219190",0
"58","CR219191",0
"59","CR219192",0
"60","CR219193",0
"61","CR219194",0
"62","CR219195",0
"63","CR219196",0
"64","CR219197",0
"65","CR219198",0
"66","CR219199",0
"67","CR219200",0
"68","CR219201",0
"69","CR219202",0
"70","CR220180",0
"71","CR220181",0
"72","CR220189",0
"73","CR220190",0
"74","CR220191",0
"75","CR220192",0
"76","CR220193",0
"77","CR220194",0
"78","CR220195",0
"79","CR220196",0
"80","CR220197",0
"81","CR220198",0
"82","CR220199",0
"83","CR220200",0
"84","CR220201",0
"85","CR220202",0
"86","CR220203",0
"87","CR221177",0
"88","CR221178",0
"89","CR221179",0
"90","CR221180",0
"91","CR221181",0
"92","CR221182",0
"93","CR221185",0
"94","CR221186",0
"95","CR221187",0
"96","CR221188",0
"97","CR221189",0
"98","CR221190",0
"99","CR221191",0
"100","CR221192",0
"101","CR221193",0
"102","CR221194",0
"103","CR221195",0
"104","CR221196",0
"105","CR221197",0
"106","CR221198",0
"107","CR221199",0
"108","CR221200",0
"109","CR221201",0
"110","CR221202",0
"111","CR222177",0
"112","CR222178",0
"113","CR222179",0
"114","CR222180",0
"115","CR222181",0
"116","CR222182",0
"117","CR222183",0
"118","CR222184",0
"119","CR222185",0
"120","CR222186",0
"121","CR222187",0
"122","CR222188",0
"123","CR222189",0
"124","CR222190",0
"125","CR222191",0
"126","CR222192",0
"127","CR222193",0
"128","CR222194",0
"129","CR222195",0
"130","CR222196",0
"131","CR222197",0
"132","CR222198",0
"133","CR222199",0
"134","CR222200",0
"135","CR222201",0
"136","CR222202",0
"137","CR223177",0
"138","CR223178",0
"139","CR223179",0
"140","CR223180",0
"141","CR223181",0
"142","CR223182",0
"143","CR223183",0
"144","CR223184",0
"145","CR223185",0
"146","CR223186",0
"147","CR223187",0
"148","CR223188",0
"149","CR223189",0
"150","CR223190",0
"151","CR223191",0
"152","CR223192",0
"153","CR223193",0
"154","CR223194",0
"155","CR223195",0
"156","CR223196",0
"157","CR223197",0
"158","CR223198",0
"159","CR223199",0
"160","CR223200",0
"161","CR223201",0
"162","CR223202",0
"163","CR223203",0
"164","CR224177",0
"165","CR224178",0
"166","CR224179",0
"167","CR224180",0
"168","CR224181",0
"169","CR224182",0
"170","CR224183",0
"171","CR224184",0
"172","CR224185",0
"173","CR224186",0
"174","CR224187",0
"175","CR224188",0
"176","CR224189",0
"177","CR224190",0
"178","CR224191",0
"179","CR224192",0
"180","CR224193",0
"181","CR224194",0
"182","CR224195",0
"183","CR224196",0
"184","CR224197",0
"185","CR224198",0
"186","CR224199",0
"187","CR224200",0
"188","CR224201",0
"189","CR224202",0
"190","CR225176",0
"191","CR225177",0
"192","CR225178",0
"193","CR225179",0
"194","CR225180",0
"195","CR225181",0
"196","CR225182",0
"197","CR225183",0
"198","CR225184",0
"199","CR225185",0
"200","CR225186",0
"201","CR225187",0
"202","CR225188",0
"203","CR225189",0
"204","CR225190",0
"205","CR225191",0
"206","CR225192",3.29369549945113e-06
"207","CR225193",0.00122197845485061
"208","CR225194",7.2688117143116e-06
"209","CR225195",0
"210","CR225196",0
"211","CR225197",0
"212","CR225198",0
"213","CR225199",0
"214","CR225200",0
"215","CR225201",0
"216","CR225202",0
"217","CR226176",0
"218","CR226177",0
"219","CR226178",0
"220","CR226179",0
"221","CR226180",0
"222","CR226181",0
"223","CR226182",0
"224","CR226183",0
"225","CR226184",0
"226","CR226185",0
"227","CR226186",0
"228","CR226187",0
"229","CR226188",0
"230","CR226189",0
"231","CR226190",0
"232","CR226191",0
"233","CR226192",0.000769927341025323
"234","CR226193",0.00269426614977419
"235","CR226194",0.00488003855571151
"236","CR226195",0.000315022276481614
"237","CR226196",0
"238","CR226197",0.00249671237543225
"239","CR226198",0.557629704475403
"240","CR226199",1.00477087497711
"241","CR226200",0.622350931167603
"242","CR226201",0
"243","CR227178",0
"244","CR227179",0
"245","CR227180",0
"246","CR227181",0
"247","CR227182",0
"248","CR227183",0
"249","CR227184",0
"250","CR227185",0
"251","CR227186",0
"252","CR227187",0
"253","CR227188",0
"254","CR227189",0
"255","CR227190",0
"256","CR227191",0.000130120301037095
"257","CR227192",0.0151567300781608
"258","CR227193",0.00164423871319741
"259","CR227194",0.0211393963545561
"260","CR227195",0.00178894319105893
"261","CR227196",0.0360419861972332
"262","CR227197",0.00977626536041498
"263","CR227198",1.69577670097351
"264","CR227199",0.521958768367767
"265","CR227200",11.2185258865356
"266","CR227201",0
"267","CR228179",0
"268","CR228180",0
"269","CR228181",0
"270","CR228182",0
"271","CR228183",0
"272","CR228184",0
"273","CR228185",0
"274","CR228186",0
"275","CR228187",0
"276","CR228188",0
"277","CR228189",0
"278","CR228190",0
"279","CR228191",0.00301995873451233
"280","CR228192",0.0113245872780681
"281","CR228193",0.00185485417023301
"282","CR228194",0.0358764119446278
"283","CR228195",0.00481877801939845
"284","CR228196",0.0725290104746819
"285","CR228197",0.00805932935327291
"286","CR228198",0.0435045063495636
"287","CR228199",1.92779874801636
"288","CR228200",26.1706657409668
"289","CR229179",0
"290","CR229180",0
"291","CR229181",0
"292","CR229182",0
"293","CR229183",0
"294","CR229184",0
"295","CR229185",0
"296","CR229186",0
"297","CR229187",0
"298","CR229188",0
"299","CR229189",0
"300","CR229190",0
"301","CR229191",0.00105264782905579
"302","CR229192",0.0341489911079407
"303","CR229193",0.03109978325665
"304","CR229194",0.0125614069402218
"305","CR229195",0.00699590286239982
"306","CR229196",0.106877468526363
"307","CR229197",0.0227098315954208
"308","CR229198",0.00735979992896318
"309","CR229199",2.61359333992004
"310","CR229200",19.0694885253906
"311","CR230178",0
"312","CR230179",0
"313","CR230180",0
"314","CR230181",0
"315","CR230182",0
"316","CR230183",0
"317","CR230184",0
"318","CR230185",0
"319","CR230186",0
"320","CR230187",0
"321","CR230188",0
"322","CR230189",0
"323","CR230190",0
"324","CR230191",0
"325","CR230192",0.0206331368535757
"326","CR230193",0.0219334494322538
"327","CR230194",0.00954635720700026
"328","CR230195",0.0857030749320984
"329","CR230196",0.114017143845558
"330","CR230197",0.0442882925271988
"331","CR230198",0.362840086221695
"332","CR230199",1.09067010879517
"333","CR230200",17.9859294891357
"334","CR230201",40.805061340332
"335","CR230202",0.204280331730843
"336","CR230203",0
"337","CR230204",0
"338","CR231172",0.829017281532288
"339","CR231173",0.66688346862793
"340","CR231178",0
"341","CR231179",0
"342","CR231180",0
"343","CR231181",0
"344","CR231182",0
"345","CR231183",0
"346","CR231184",0
"347","CR231185",0
"348","CR231186",0
"349","CR231187",0
"350","CR231188",0
"351","CR231189",0
"352","CR231190",0
"353","CR231191",0
"354","CR231192",0.179611369967461
"355","CR231193",0.0870808288455009
"356","CR231194",0.318706959486008
"357","CR231195",0.612277686595917
"358","CR231196",0.151338741183281
"359","CR231197",0.0754327103495598
"360","CR231198",0.494855403900146
"361","CR231199",15.7183895111084
"362","CR231200",37.3581809997559
"363","CR231201",55.3819313049316
"364","CR231202",0.533395111560822
"365","CR231203",0
"366","CR231204",0
"367","CR231205",0
"368","CR232172",1.42673110961914
"369","CR232173",3.82452940940857
"370","CR232174",0.411092609167099
"371","CR232175",0.0100144250318408
"372","CR232177",0
"373","CR232178",0
"374","CR232179",0
"375","CR232180",0
"376","CR232181",0
"377","CR232182",0
"378","CR232183",0
"379","CR232184",0
"380","CR232185",0
"381","CR232186",0
"382","CR232187",0
"383","CR232188",0
"384","CR232189",0
"385","CR232190",0
"386","CR232191",0.00410555908456445
"387","CR232192",0.301353454589844
"388","CR232193",0.310577094554901
"389","CR232194",0.436193555593491
"390","CR232195",0.213027492165565
"391","CR232196",0.0720370709896088
"392","CR232197",0.871285080909729
"393","CR232198",11.3869543075562
"394","CR232199",24.9999485015869
"395","CR232200",25.930778503418
"396","CR232201",55.6842956542969
"397","CR232202",3.47059750556946
"398","CR232203",0
"399","CR232204",0
"400","CR232205",0
"401","CR233173",0.840208649635315
"402","CR233174",2.48476552963257
"403","CR233175",8.19981861114502
"404","CR233176",0
"405","CR233177",0
"406","CR233178",0
"407","CR233179",0
"408","CR233180",0
"409","CR233181",0
"410","CR233182",0
"411","CR233183",0
"412","CR233184",0
"413","CR233185",0
"414","CR233186",0
"415","CR233187",0
"416","CR233188",0
"417","CR233189",0
"418","CR233190",0
"419","CR233191",0.00730445235967636
"420","CR233192",0.195185571908951
"421","CR233193",0.0248607620596886
"422","CR233194",0.00503036240115762
"423","CR233195",0.112508893013
"424","CR233196",2.79174041748047
"425","CR233197",6.33852815628052
"426","CR233198",50.299430847168
"427","CR233199",48.8740615844727
"428","CR233200",153.899108886719
"429","CR233201",114.210029602051
"430","CR233202",10.6111087799072
"431","CR233203",0.0708820447325706
"432","CR233204",6.28023719787598
"433","CR233205",0.0448546670377254
"434","CR233206",0
"435","CR234173",0.56895250082016
"436","CR234174",0.805671453475952
"437","CR234175",0.855758368968964
"438","CR234176",0
"439","CR234177",0
"440","CR234178",0
"441","CR234179",0
"442","CR234180",0
"443","CR234181",0
"444","CR234182",0
"445","CR234183",0
"446","CR234184",0
"447","CR234185",0
"448","CR234186",0
"449","CR234187",0
"450","CR234188",0
"451","CR234189",0
"452","CR234190",0.0021163506899029
"453","CR234191",0.100437350571156
"454","CR234192",0.497077882289886
"455","CR234193",0.08144611120224
"456","CR234194",0.983259260654449
"457","CR234195",3.31699013710022
"458","CR234196",16.8742809295654
"459","CR234197",2.94088459014893
"460","CR234198",35.0605545043945
"461","CR234199",108.996574401855
"462","CR234200",692.478149414062
"463","CR234201",707.4541015625
"464","CR234202",0
"465","CR234203",14.7671375274658
"466","CR234204",72.3075332641602
"467","CR234205",33.3025436401367
"468","CR234206",0
"469","CR235172",0.00143894506618381
"470","CR235173",0.563088774681091
"471","CR235174",0.78524649143219
"472","CR235175",0.305998206138611
"473","CR235176",0
"474","CR235177",0
"475","CR235178",0
"476","CR235179",0
"477","CR235180",0
"478","CR235181",0
"479","CR235182",0
"480","CR235183",0
"481","CR235184",0
"482","CR235185",0
"483","CR235186",0
"484","CR235187",0
"485","CR235188",0
"486","CR235189",0
"487","CR235190",0.131610497832298
"488","CR235191",0.212164580821991
"489","CR235192",0.00864935386925936
"490","CR235193",0.356567561626434
"491","CR235194",0.904719650745392
"492","CR235195",1.94845640659332
"493","CR235196",3.01495718955994
"494","CR235197",2.2798957824707
"495","CR235198",4.06701612472534
"496","CR235199",163.117614746094
"497","CR235200",641.362731933594
"498","CR235201",633.440734863281
"499","CR235202",0
"500","CR235203",24.6224193572998
"501","CR235204",103.243339538574
"502","CR235205",17.3448905944824
"503","CR235206",44.0042762756348
"504","CR235207",5.20389461517334
"505","CR236172",0.0462034605443478
"506","CR236173",0.736581802368164
"507","CR236174",0.748662889003754
"508","CR236175",0.833648800849915
"509","CR236176",0
"510","CR236177",0
"511","CR236178",0
"512","CR236179",0
"513","CR236180",0
"514","CR236181",0
"515","CR236182",0
"516","CR236183",0
"517","CR236184",0
"518","CR236185",0
"519","CR236186",0
"520","CR236187",0
"521","CR236188",0
"522","CR236189",0
"523","CR236190",0
"524","CR236191",0.00276379636488855
"525","CR236192",0.0103711169213057
"526","CR236193",2.66281008720398
"527","CR236194",1.18940591812134
"528","CR236195",0.516777038574219
"529","CR236196",1.4747189283371
"530","CR236197",0.384788662195206
"531","CR236198",43.0325126647949
"532","CR236199",341.281341552734
"533","CR236200",365.412750244141
"534","CR236201",10.1625194549561
"535","CR236202",0
"536","CR236203",135.726760864258
"537","CR236204",281.359893798828
"538","CR236205",154.670455932617
"539","CR236206",184.263214111328
"540","CR236207",2166.92065429688
"541","CR237172",0.97887909412384
"542","CR237173",109.224128723145
"543","CR237174",48.4799842834473
"544","CR237175",16.4691200256348
"545","CR237176",0
"546","CR237177",0
"547","CR237178",0
"548","CR237179",0
"549","CR237180",0
"550","CR237181",0
"551","CR237182",0
"552","CR237183",0
"553","CR237184",0
"554","CR237185",0
"555","CR237186",0
"556","CR237187",0
"557","CR237188",0
"558","CR237189",0
"559","CR237190",0.003704545320943
"560","CR237191",0.164880245923996
"561","CR237192",0.745055198669434
"562","CR237193",1.4693945646286
"563","CR237194",0.717011511325836
"564","CR237195",0.142201080918312
"565","CR237196",9.89512634277344
"566","CR237197",5.40232467651367
"567","CR237198",52.7761154174805
"568","CR237199",462.149047851562
"569","CR237200",91.365119934082
"570","CR237201",370.663055419922
"571","CR237202",257.137176513672
"572","CR237203",242.086029052734
"573","CR237204",1683.42102050781
"574","CR237205",4710.1083984375
"575","CR237206",4625.763671875
"576","CR237207",11382.5966796875
"577","CR238172",169.445449829102
"578","CR238173",369.805694580078
"579","CR238174",394.904846191406
"580","CR238175",225.373580932617
"581","CR238176",2.18763113021851
"582","CR238177",0.0277565903961658
"583","CR238178",0
"584","CR238179",0
"585","CR238180",0
"586","CR238181",0
"587","CR238182",0
"588","CR238183",0
"589","CR238184",0
"590","CR238185",0
"591","CR238186",0
"592","CR238187",0
"593","CR238188",0
"594","CR238189",0.0252470951527357
"595","CR238190",0.234586805105209
"596","CR238191",0.213655084371567
"597","CR238192",1.60308825969696
"598","CR238193",0.101879574358463
"599","CR238194",0.199050188064575
"600","CR238195",0.627844989299774
"601","CR238196",12.2897081375122
"602","CR238197",4.43463754653931
"603","CR238198",410.675689697266
"604","CR238199",2433.37109375
"605","CR238200",995.399291992188
"606","CR238201",3505.37133789062
"607","CR238202",4194.9306640625
"608","CR238203",352.965301513672
"609","CR238204",11301.0009765625
"610","CR238205",11795.021484375
"611","CR238206",12616.4775390625
"612","CR238207",9549.7744140625
"613","CR238208",1.35859143733978
"614","CR239170",1.00268745422363
"615","CR239171",190.715255737305
"616","CR239172",364.804962158203
"617","CR239173",427.745056152344
"618","CR239174",383.724151611328
"619","CR239175",317.832244873047
"620","CR239176",132.576904296875
"621","CR239177",0.382593005895615
"622","CR239178",0
"623","CR239179",0
"624","CR239180",0
"625","CR239181",0
"626","CR239182",0
"627","CR239183",0
"628","CR239184",0
"629","CR239185",0
"630","CR239186",0
"631","CR239187",0
"632","CR239188",0
"633","CR239189",0.379625201225281
"634","CR239190",0.477356404066086
"635","CR239191",0.804171502590179
"636","CR239192",0.523551464080811
"637","CR239193",0.0601458698511124
"638","CR239194",0.211582764983177
"639","CR239195",1.27251887321472
"640","CR239196",2.61473941802979
"641","CR239197",0.0936701893806458
"642","CR239198",472.138000488281
"643","CR239199",2039.7939453125
"644","CR239200",997.403625488281
"645","CR239201",2378.30200195312
"646","CR239202",1309.06982421875
"647","CR239203",189.774749755859
"648","CR239204",5971.7724609375
"649","CR239205",7004.0810546875
"650","CR239206",8022.169921875
"651","CR239207",17455.861328125
"652","CR239208",7191.01025390625
"653","CR239211",27.8384552001953
"654","CR240170",5.49694538116455
"655","CR240171",148.434204101562
"656","CR240172",166.437149047852
"657","CR240173",184.05485534668
"658","CR240174",460.581115722656
"659","CR240175",282.458251953125
"660","CR240176",121.265998840332
"661","CR240177",0.232017636299133
"662","CR240178",0
"663","CR240179",0
"664","CR240180",0
"665","CR240181",0
"666","CR240182",0
"667","CR240183",0
"668","CR240184",0
"669","CR240185",0
"670","CR240186",0
"671","CR240187",0
"672","CR240188",0
"673","CR240189",0.420311987400055
"674","CR240190",0.361134380102158
"675","CR240191",3.222895860672
"676","CR240192",1.10391795635223
"677","CR240193",2.6777012348175
"678","CR240194",8.0153980255127
"679","CR240195",11.7080411911011
"680","CR240196",0.124807104468346
"681","CR240197",0.17958015203476
"682","CR240198",29.2630844116211
"683","CR240199",2103.359375
"684","CR240200",1139.10778808594
"685","CR240201",930.189514160156
"686","CR240202",86.0871429443359
"687","CR240203",72.7367324829102
"688","CR240204",1281.49108886719
"689","CR240205",2502.19995117188
"690","CR240206",18526.703125
"691","CR240207",41758.5234375
"692","CR240208",27838.15234375
"693","CR240209",1411.47485351562
"694","CR240210",774.690979003906
"695","CR240211",1573.23718261719
"696","CR240212",696.828430175781
"697","CR240213",399.350189208984
"698","CR241172",67.8375015258789
"699","CR241173",110.159790039062
"700","CR241174",114.749778747559
"701","CR241175",11.638726234436
"702","CR241176",94.7176132202148
"703","CR241177",0.205217763781548
"704","CR241178",0
"705","CR241179",0
"706","CR241180",0
"707","CR241181",0
"708","CR241182",0
"709","CR241183",0
"710","CR241184",0
"711","CR241185",0
"712","CR241186",0
"713","CR241187",0
"714","CR241188",0.000916425487957895
"715","CR241189",1.83757722377777
"716","CR241190",0.908955216407776
"717","CR241191",0.668804228305817
"718","CR241192",2.38440012931824
"719","CR241193",0.252834588289261
"720","CR241194",8.82796478271484
"721","CR241195",41.6203002929688
"722","CR241196",0.518702447414398
"723","CR241197",0.166645243763924
"724","CR241198",7.37224006652832
"725","CR241199",2843.43823242188
"726","CR241200",2361.494140625
"727","CR241201",2817.2197265625
"728","CR241202",126.187927246094
"729","CR241203",68.9190292358398
"730","CR241204",492.228302001953
"731","CR241205",3701.32958984375
"732","CR241206",9846.7119140625
"733","CR241207",19671.318359375
"734","CR241208",37512.90234375
"735","CR241209",1305.34350585938
"736","CR241210",1699.21936035156
"737","CR241211",2300.36962890625
"738","CR241212",1936.72741699219
"739","CR241213",815.216430664062
"740","CR242177",0
"741","CR242178",0
"742","CR242179",0
"743","CR242180",0
"744","CR242181",0
"745","CR242182",0
"746","CR242183",0
"747","CR242184",0
"748","CR242185",0
"749","CR242186",0
"750","CR242187",0
"751","CR242188",0.216831132769585
"752","CR242189",0.905832767486572
"753","CR242190",0.706389963626862
"754","CR242191",0.115682281553745
"755","CR242192",0.0172307044267654
"756","CR242193",0.021287240087986
"757","CR242194",6.22739124298096
"758","CR242195",4.27173471450806
"759","CR242196",0.231473669409752
"760","CR242197",0.0378484390676022
"761","CR242198",19.011157989502
"762","CR242199",6705.8046875
"763","CR242200",5960.37841796875
"764","CR242201",6807.97314453125
"765","CR242202",5377.9091796875
"766","CR242203",8526.2119140625
"767","CR242204",3228.05688476562
"768","CR242205",1651.49389648438
"769","CR242206",2925.98071289062
"770","CR242207",40153.046875
"771","CR242208",89364.953125
"772","CR242209",39554.41796875
"773","CR242210",1266.90856933594
"774","CR242211",1984.41833496094
"775","CR242212",915.374816894531
"776","CR242213",169.12028503418
"777","CR243178",0
"778","CR243179",0
"779","CR243180",0
"780","CR243181",0
"781","CR243182",0
"782","CR243183",0
"783","CR243184",0
"784","CR243185",0
"785","CR243186",0
"786","CR243187",0
"787","CR243188",0.118356712162495
"788","CR243189",0.686465740203857
"789","CR243190",0.0227202177047729
"790","CR243191",0.00391762237995863
"791","CR243192",0.013370237313211
"792","CR243193",0.00209778477437794
"793","CR243194",2.19934129714966
"794","CR243195",0.0749863982200623
"795","CR243196",0.235487967729568
"796","CR243197",0.0580956339836121
"797","CR243198",25.1356830596924
"798","CR243199",1564.76000976562
"799","CR243200",2336.55810546875
"800","CR243201",7072.47265625
"801","CR243202",11550.4404296875
"802","CR243203",21877.525390625
"803","CR243204",10062.0146484375
"804","CR243205",950.6005859375
"805","CR243206",48891.3515625
"806","CR243207",103019.2734375
"807","CR243208",122659.484375
"808","CR243209",6752.8828125
"809","CR243210",3763.14038085938
"810","CR243211",629.342468261719
"811","CR243212",370.566040039062
"812","CR243213",204.880630493164
"813","CR244177",0
"814","CR244178",0
"815","CR244179",0
"816","CR244180",0
"817","CR244181",0
"818","CR244182",0
"819","CR244183",0
"820","CR244184",0
"821","CR244185",0
"822","CR244186",0
"823","CR244187",0
"824","CR244188",0
"825","CR244189",0.0177946612238884
"826","CR244190",0.0167929381132126
"827","CR244191",9.61209516390227e-05
"828","CR244192",0.00752269849181175
"829","CR244193",2.36525630950928
"830","CR244194",0.483555555343628
"831","CR244195",0.570940613746643
"832","CR244196",0.106213055551052
"833","CR244197",0.328230381011963
"834","CR244198",0.708751142024994
"835","CR244199",11.4703769683838
"836","CR244200",1228.77502441406
"837","CR244201",8196.568359375
"838","CR244202",8646.755859375
"839","CR244203",6180.66162109375
"840","CR244204",8960.0751953125
"841","CR244205",5665.6982421875
"842","CR244206",11521.9365234375
"843","CR244207",34429
"844","CR244208",54942.7734375
"845","CR244209",32344.599609375
"846","CR244210",4012.04174804688
"847","CR244211",509.933990478516
"848","CR244212",431.38232421875
"849","CR244213",224.760101318359
"850","CR244214",197.92546081543
"851","CR244215",134.333557128906
"852","CR244220",1.41610491275787
"853","CR244221",0.814536869525909
"854","CR245177",0
"855","CR245178",0
"856","CR245179",0
"857","CR245180",0
"858","CR245181",0
"859","CR245182",0
"860","CR245183",0
"861","CR245184",0
"862","CR245185",0
"863","CR245186",0
"864","CR245187",0
"865","CR245188",0
"866","CR245189",0
"867","CR245190",0.000438449293142185
"868","CR245191",0.553303182125092
"869","CR245192",2.29282236099243
"870","CR245193",6.17087411880493
"871","CR245194",2.41143774986267
"872","CR245195",4.89192724227905
"873","CR245196",1.25147712230682
"874","CR245197",1.51471042633057
"875","CR245198",0.206730172038078
"876","CR245199",2.58863353729248
"877","CR245200",11.6216058731079
"878","CR245201",9114.541015625
"879","CR245202",34095.93359375
"880","CR245203",25921.50390625
"881","CR245204",5952.31005859375
"882","CR245205",8313.87109375
"883","CR245206",3839.345703125
"884","CR245207",58539.38671875
"885","CR245208",126787.9453125
"886","CR245209",74519.2890625
"887","CR245210",8169.73681640625
"888","CR245211",2677.12158203125
"889","CR245212",288.82763671875
"890","CR245213",212.381103515625
"891","CR245214",96.158317565918
"892","CR245215",172.222640991211
"893","CR245216",8.07403945922852
"894","CR245217",0.735308110713959
"895","CR245218",3.53542423248291
"896","CR245219",8.23722076416016
"897","CR245220",14.9188899993896
"898","CR245221",15.1353492736816
"899","CR245222",6.87519884109497
"900","CR245223",9.74804306030273
"901","CR245224",11.2946186065674
"902","CR245225",2.79954838752747
"903","CR245241",286.051940917969
"904","CR246177",0
"905","CR246178",0
"906","CR246179",0
"907","CR246180",0
"908","CR246181",0
"909","CR246182",0
"910","CR246183",0
"911","CR246184",0
"912","CR246185",0
"913","CR246186",0
"914","CR246187",0
"915","CR246188",0.151831522583961
"916","CR246189",0.0216848086565733
"917","CR246190",0.268785446882248
"918","CR246191",1.84936928749084
"919","CR246192",3.15094971656799
"920","CR246193",1.1457701921463
"921","CR246194",0.177531346678734
"922","CR246195",3.48433923721313
"923","CR246196",1.40781390666962
"924","CR246197",0.996099054813385
"925","CR246198",0.881680309772491
"926","CR246199",6.94819688796997
"927","CR246200",12.0637140274048
"928","CR246201",678.95703125
"929","CR246202",19627.0234375
"930","CR246203",51012.97265625
"931","CR246204",21776.724609375
"932","CR246205",13082.8291015625
"933","CR246206",7479.19677734375
"934","CR246207",7531.81689453125
"935","CR246208",74863.234375
"936","CR246209",52293.89453125
"937","CR246210",11855.3310546875
"938","CR246211",12228.7509765625
"939","CR246212",4122.7275390625
"940","CR246213",210.668899536133
"941","CR246214",197.478881835938
"942","CR246215",78.1267395019531
"943","CR246216",92.9613418579102
"944","CR246217",9.65273571014404
"945","CR246218",9.89508152008057
"946","CR246219",11.9744243621826
"947","CR246220",63.1535530090332
"948","CR246221",16.7072906494141
"949","CR246222",5.31835460662842
"950","CR246223",13.1877870559692
"951","CR246224",1356.43054199219
"952","CR246225",1837.10815429688
"953","CR246240",4094.96166992188
"954","CR246241",5128.27734375
"955","CR247177",0
"956","CR247178",0
"957","CR247179",0
"958","CR247180",0
"959","CR247181",0
"960","CR247182",0
"961","CR247183",0
"962","CR247184",0
"963","CR247185",0
"964","CR247186",0
"965","CR247187",0.156804904341698
"966","CR247188",2.37581562995911
"967","CR247189",0.0242538470774889
"968","CR247190",1.33115422725677
"969","CR247191",1.63175868988037
"970","CR247192",1.59119856357574
"971","CR247193",0.586139261722565
"972","CR247194",16.9147987365723
"973","CR247195",8.67195415496826
"974","CR247196",6.36388921737671
"975","CR247197",3.87221693992615
"976","CR247198",1.605144739151
"977","CR247199",77.5048522949219
"978","CR247200",15.3418254852295
"979","CR247201",4677.98095703125
"980","CR247202",12552.369140625
"981","CR247203",13548.173828125
"982","CR247204",30471.521484375
"983","CR247205",105034.46875
"984","CR247206",66882.5859375
"985","CR247207",56748.51171875
"986","CR247208",46331.06640625
"987","CR247209",41538.69921875
"988","CR247210",9937.443359375
"989","CR247211",3539.76904296875
"990","CR247212",3166.13232421875
"991","CR247213",412.191619873047
"992","CR247214",138.492324829102
"993","CR247215",50.7773094177246
"994","CR247216",13.3650875091553
"995","CR247217",11.5993814468384
"996","CR247218",14.0947418212891
"997","CR247219",17.8738422393799
"998","CR247220",789.377075195312
"999","CR247221",1731.38671875
"1000","CR247222",2858.55541992188
"1001","CR247223",2328.09204101562
"1002","CR247224",4755.66552734375
"1003","CR247225",1965.16772460938
"1004","CR247239",3620.57763671875
"1005","CR247240",13642.1376953125
"1006","CR247241",4745.20263671875
"1007","CR248176",0
"1008","CR248177",0
"1009","CR248178",0
"1010","CR248179",0
"1011","CR248180",0
"1012","CR248181",0
"1013","CR248182",0
"1014","CR248183",0
"1015","CR248184",0
"1016","CR248185",0
"1017","CR248186",1.48104071617126
"1018","CR248187",3.27149033546448
"1019","CR248188",8.104172706604
"1020","CR248189",46.2003059387207
"1021","CR248190",50.266529083252
"1022","CR248191",38.5728492736816
"1023","CR248192",1.82175385951996
"1024","CR248193",8.44643402099609
"1025","CR248194",18.5440807342529
"1026","CR248195",7.92154216766357
"1027","CR248196",7.69105958938599
"1028","CR248197",1.78174662590027
"1029","CR248198",0.382363677024841
"1030","CR248199",408.811157226562
"1031","CR248200",305.078125
"1032","CR248201",2730.61547851562
"1033","CR248202",4854.494140625
"1034","CR248203",18880.458984375
"1035","CR248204",46517.68359375
"1036","CR248205",110234.3359375
"1037","CR248206",158480.3125
"1038","CR248207",157458.390625
"1039","CR248208",120448.25
"1040","CR248209",93479.3515625
"1041","CR248210",42840.62890625
"1042","CR248211",2577.646484375
"1043","CR248212",4253.72021484375
"1044","CR248213",3358.4599609375
"1045","CR248214",119.723663330078
"1046","CR248215",61.9817924499512
"1047","CR248216",15.5967044830322
"1048","CR248217",13.5755634307861
"1049","CR248218",15.0986003875732
"1050","CR248219",464.610931396484
"1051","CR248220",839.068115234375
"1052","CR248221",1319.6611328125
"1053","CR248222",3767.86474609375
"1054","CR248223",5313.51806640625
"1055","CR248224",6090.46826171875
"1056","CR248225",11107.7998046875
"1057","CR248238",4488.4853515625
"1058","CR248239",12996.43359375
"1059","CR248240",14828.8994140625
"1060","CR248241",14479.08984375
"1061","CR248242",3453.78100585938
"1062","CR249176",0
"1063","CR249177",0
"1064","CR249178",0
"1065","CR249179",0
"1066","CR249180",0
"1067","CR249181",0
"1068","CR249182",0
"1069","CR249183",0
"1070","CR249184",0
"1071","CR249185",362.354888916016
"1072","CR249186",151.496826171875
"1073","CR249187",11.3191766738892
"1074","CR249188",20.5407962799072
"1075","CR249189",78.2060928344727
"1076","CR249190",54.7190704345703
"1077","CR249191",12.8612642288208
"1078","CR249192",6.53300333023071
"1079","CR249193",40.207389831543
"1080","CR249194",29.1891059875488
"1081","CR249195",35.3576507568359
"1082","CR249196",24.2287178039551
"1083","CR249197",13.5928621292114
"1084","CR249198",1.83941972255707
"1085","CR249199",96.6428909301758
"1086","CR249200",1416.70532226562
"1087","CR249201",3476.919921875
"1088","CR249202",8059.4267578125
"1089","CR249203",51723.5
"1090","CR249204",93330.5546875
"1091","CR249205",154956.125
"1092","CR249206",178465.265625
"1093","CR249207",169719.25
"1094","CR249208",168764.78125
"1095","CR249209",126035.3203125
"1096","CR249210",19962.70703125
"1097","CR249211",2813.2998046875
"1098","CR249212",3356.39990234375
"1099","CR249213",1717.2822265625
"1100","CR249214",586.242370605469
"1101","CR249215",1714.216796875
"1102","CR249216",16.8874778747559
"1103","CR249217",15.4923753738403
"1104","CR249218",40.6729774475098
"1105","CR249219",621.357543945312
"1106","CR249220",854.404968261719
"1107","CR249221",806.677795410156
"1108","CR249222",2190.9765625
"1109","CR249223",22351.53515625
"1110","CR249224",62932.8984375
"1111","CR249225",65343.06640625
"1112","CR249226",24015.103515625
"1113","CR249227",4561.08544921875
"1114","CR249237",6484.4482421875
"1115","CR249238",30342.673828125
"1116","CR249239",13104.9775390625
"1117","CR249240",14630.673828125
"1118","CR249241",15434.8564453125
"1119","CR249242",16038.142578125
"1120","CR249243",1000.00579833984
"1121","CR250175",0
"1122","CR250176",0
"1123","CR250177",0.0161237083375454
"1124","CR250178",4.19927024841309
"1125","CR250179",2.74548578262329
"1126","CR250180",2.92565155029297
"1127","CR250181",10.9469919204712
"1128","CR250182",25.6713275909424
"1129","CR250183",337.032196044922
"1130","CR250184",2102.3232421875
"1131","CR250185",505.734252929688
"1132","CR250186",121.79833984375
"1133","CR250187",71.715950012207
"1134","CR250188",12.2493085861206
"1135","CR250189",84.5134582519531
"1136","CR250190",1.26801061630249
"1137","CR250191",0.432384938001633
"1138","CR250192",0.0880856737494469
"1139","CR250193",23.335657119751
"1140","CR250194",78.6676177978516
"1141","CR250195",67.6381301879883
"1142","CR250196",84.604248046875
"1143","CR250197",57.8477973937988
"1144","CR250198",15.90016746521
"1145","CR250199",3.26610898971558
"1146","CR250200",3129.30444335938
"1147","CR250201",6362.8671875
"1148","CR250202",26445.296875
"1149","CR250203",26487.658203125
"1150","CR250204",44322.58984375
"1151","CR250205",30295.80078125
"1152","CR250206",37529.56640625
"1153","CR250207",125594.9140625
"1154","CR250208",96934.34375
"1155","CR250209",50568.5546875
"1156","CR250210",13004.5537109375
"1157","CR250211",44162.8359375
"1158","CR250212",59202.98046875
"1159","CR250213",30339.798828125
"1160","CR250214",4388.5302734375
"1161","CR250215",16137.037109375
"1162","CR250216",9038.5546875
"1163","CR250217",10778.462890625
"1164","CR250218",12303.0283203125
"1165","CR250219",8725.271484375
"1166","CR250220",10753.5634765625
"1167","CR250221",9557.1279296875
"1168","CR250222",6993.357421875
"1169","CR250223",42515.42578125
"1170","CR250224",80949.9296875
"1171","CR250225",84489.9296875
"1172","CR250226",79676.953125
"1173","CR250227",60803.91796875
"1174","CR250228",17212.060546875
"1175","CR250236",13460.5341796875
"1176","CR250237",93719.6328125
"1177","CR250238",94248.6328125
"1178","CR250239",31649.3359375
"1179","CR250240",18972.216796875
"1180","CR250241",18288.412109375
"1181","CR250242",17698.091796875
"1182","CR250243",6492.66064453125
"1183","CR251176",0
"1184","CR251177",0
"1185","CR251178",0
"1186","CR251179",0.0619375817477703
"1187","CR251180",7.64614105224609
"1188","CR251181",3.01519441604614
"1189","CR251182",10.2712869644165
"1190","CR251183",201.974868774414
"1191","CR251184",5225.359375
"1192","CR251185",2409.73364257812
"1193","CR251186",2186.04272460938
"1194","CR251187",914.405517578125
"1195","CR251188",769.523620605469
"1196","CR251189",517.964599609375
"1197","CR251190",0.812965393066406
"1198","CR251191",0.061573538929224
"1199","CR251192",0.139024630188942
"1200","CR251193",2.46739888191223
"1201","CR251194",3.83343148231506
"1202","CR251195",1.53498327732086
"1203","CR251196",4.48223733901978
"1204","CR251197",10.7283449172974
"1205","CR251198",15.7448692321777
"1206","CR251199",27.2333946228027
"1207","CR251200",3327.30078125
"1208","CR251201",4459.69091796875
"1209","CR251202",44006.90234375
"1210","CR251203",29660.126953125
"1211","CR251204",25194.23828125
"1212","CR251205",14373
"1213","CR251206",18116.37890625
"1214","CR251207",17346.470703125
"1215","CR251208",15610.5341796875
"1216","CR251209",11868.7060546875
"1217","CR251210",27796.041015625
"1218","CR251211",99148.765625
"1219","CR251212",39705.09375
"1220","CR251213",56953.671875
"1221","CR251214",42390.890625
"1222","CR251215",45879.84765625
"1223","CR251216",18923.421875
"1224","CR251217",17496.083984375
"1225","CR251218",14001.2255859375
"1226","CR251219",15705.806640625
"1227","CR251220",17251.111328125
"1228","CR251221",17438.951171875
"1229","CR251222",18599.705078125
"1230","CR251223",38766.55078125
"1231","CR251224",80906.59375
"1232","CR251225",85363.203125
"1233","CR251226",80575.2578125
"1234","CR251227",61054.75390625
"1235","CR251228",15797.369140625
"1236","CR251231",2298.78295898438
"1237","CR251232",2580.42309570312
"1238","CR251236",74738.046875
"1239","CR251237",100562.953125
"1240","CR251238",108356.7265625
"1241","CR251239",72480.1484375
"1242","CR251240",32160.732421875
"1243","CR251241",21061.61328125
"1244","CR251242",17562.677734375
"1245","CR251243",13715.1904296875
"1246","CR252176",0
"1247","CR252177",0
"1248","CR252178",0
"1249","CR252179",0
"1250","CR252180",0.0882523953914642
"1251","CR252181",1.08032250404358
"1252","CR252182",5.43369102478027
"1253","CR252183",403.318939208984
"1254","CR252184",2367.86450195312
"1255","CR252185",1722.01770019531
"1256","CR252186",862.058532714844
"1257","CR252187",190.777984619141
"1258","CR252188",909.891174316406
"1259","CR252189",323.051452636719
"1260","CR252190",0.873799324035645
"1261","CR252191",1.00296533107758
"1262","CR252192",0.507513403892517
"1263","CR252193",1.11253952980042
"1264","CR252194",0.160047650337219
"1265","CR252195",0.0415155552327633
"1266","CR252196",0.122319929301739
"1267","CR252197",0.120809450745583
"1268","CR252198",0.565487265586853
"1269","CR252199",1.38460659980774
"1270","CR252200",1527.70520019531
"1271","CR252201",4480.482421875
"1272","CR252202",26223.736328125
"1273","CR252203",40968.94140625
"1274","CR252204",13914.015625
"1275","CR252205",10262.72265625
"1276","CR252206",4009.04711914062
"1277","CR252207",9709.716796875
"1278","CR252208",7047.9921875
"1279","CR252209",13735.779296875
"1280","CR252210",84624.71875
"1281","CR252211",123879.1328125
"1282","CR252212",44347.859375
"1283","CR252213",33857.03515625
"1284","CR252214",54318.890625
"1285","CR252215",50416.5703125
"1286","CR252216",21366.033203125
"1287","CR252217",16769.6015625
"1288","CR252218",14849.5302734375
"1289","CR252219",12174.025390625
"1290","CR252220",17522.15625
"1291","CR252221",18767.4375
"1292","CR252222",14901.62890625
"1293","CR252223",43895.0078125
"1294","CR252224",68440.7421875
"1295","CR252225",47783.94140625
"1296","CR252226",36781.23828125
"1297","CR252227",20244.302734375
"1298","CR252228",15730.1513671875
"1299","CR252229",79612.765625
"1300","CR252230",95957.1875
"1301","CR252231",112878.09375
"1302","CR252232",7959.15185546875
"1303","CR252235",22416.3515625
"1304","CR252236",111362.0234375
"1305","CR252237",106234.3046875
"1306","CR252238",132286.859375
"1307","CR252239",81431.9921875
"1308","CR252240",31569.46875
"1309","CR252241",18449.578125
"1310","CR252242",15528.6669921875
"1311","CR252243",15204.8427734375
"1312","CR252244",8959.7197265625
"1313","CR253176",0
"1314","CR253177",0
"1315","CR253178",0
"1316","CR253179",0
"1317","CR253180",0
"1318","CR253181",0
"1319","CR253182",0.0592194348573685
"1320","CR253183",1303.79748535156
"1321","CR253184",1606.06787109375
"1322","CR253185",1196.08190917969
"1323","CR253186",45.4147605895996
"1324","CR253187",12.1674747467041
"1325","CR253188",52.6859130859375
"1326","CR253189",13.8938856124878
"1327","CR253190",0.241836935281754
"1328","CR253191",0.801553428173065
"1329","CR253192",6.57005167007446
"1330","CR253193",8.40860366821289
"1331","CR253194",3.58043718338013
"1332","CR253195",0.193681955337524
"1333","CR253196",0.101081788539886
"1334","CR253197",0.0542758479714394
"1335","CR253198",0.0464454255998135
"1336","CR253199",0.144451037049294
"1337","CR253200",974.022644042969
"1338","CR253201",2886.1064453125
"1339","CR253202",17271.59765625
"1340","CR253203",12748.904296875
"1341","CR253204",5131.6494140625
"1342","CR253205",1638.15002441406
"1343","CR253206",51.2371215820312
"1344","CR253207",8439.486328125
"1345","CR253208",9428.0556640625
"1346","CR253209",12469.87890625
"1347","CR253210",56301.1015625
"1348","CR253211",52099.7265625
"1349","CR253212",23248.548828125
"1350","CR253213",23291.40625
"1351","CR253214",35682.24609375
"1352","CR253215",34314.97265625
"1353","CR253216",25882.96875
"1354","CR253217",14971.3095703125
"1355","CR253218",14358.6513671875
"1356","CR253219",13123.5712890625
"1357","CR253220",7556.0693359375
"1358","CR253221",1880.0576171875
"1359","CR253222",1615.78942871094
"1360","CR253223",12040.720703125
"1361","CR253224",31631.841796875
"1362","CR253225",17702.025390625
"1363","CR253226",16516.2734375
"1364","CR253227",16887.625
"1365","CR253228",27189.34765625
"1366","CR253229",113811.8984375
"1367","CR253230",143198.109375
"1368","CR253231",82295.078125
"1369","CR253232",69478.953125
"1370","CR253233",18989.12890625
"1371","CR253234",8883.0791015625
"1372","CR253235",53153.16015625
"1373","CR253236",137751.984375
"1374","CR253237",159394.515625
"1375","CR253238",150218.9375
"1376","CR253239",85260.625
"1377","CR253240",29204.599609375
"1378","CR253241",28687.541015625
"1379","CR253242",9686.861328125
"1380","CR253243",11351.0947265625
"1381","CR253244",13110.1982421875
"1382","CR253245",5688.85693359375
"1383","CR254176",0
"1384","CR254177",0
"1385","CR254178",0
"1386","CR254179",0
"1387","CR254180",0
"1388","CR254181",0
"1389","CR254182",0
"1390","CR254183",26.115348815918
"1391","CR254184",363.85009765625
"1392","CR254185",218.402481079102
"1393","CR254186",9.70734882354736
"1394","CR254187",29.2650184631348
"1395","CR254188",15.0233526229858
"1396","CR254189",1.75691187381744
"1397","CR254190",0.110038563609123
"1398","CR254191",0.0636205151677132
"1399","CR254192",6.6947717666626
"1400","CR254193",29.9076251983643
"1401","CR254194",8.83705615997314
"1402","CR254195",2.39348888397217
"1403","CR254196",0.385387122631073
"1404","CR254197",0.4748854637146
"1405","CR254198",1.30939364433289
"1406","CR254199",0.12346725910902
"1407","CR254200",655.501403808594
"1408","CR254201",243.990051269531
"1409","CR254202",1845.58520507812
"1410","CR254203",2452.63427734375
"1411","CR254204",985.215515136719
"1412","CR254205",4951.60498046875
"1413","CR254206",733.204040527344
"1414","CR254207",11400.2939453125
"1415","CR254208",22821.81640625
"1416","CR254209",27413.21484375
"1417","CR254210",36054.8359375
"1418","CR254211",40965.60546875
"1419","CR254212",20799.587890625
"1420","CR254213",23349.17578125
"1421","CR254214",27617.62890625
"1422","CR254215",43481.078125
"1423","CR254216",43715.5078125
"1424","CR254217",28949.087890625
"1425","CR254218",29362.5625
"1426","CR254219",10463.69140625
"1427","CR254220",1647.24609375
"1428","CR254221",1298.55529785156
"1429","CR254222",1313.97985839844
"1430","CR254223",1270.26574707031
"1431","CR254224",3893.38232421875
"1432","CR254225",4653.39111328125
"1433","CR254226",4998.06005859375
"1434","CR254227",19435.544921875
"1435","CR254228",31775.310546875
"1436","CR254229",114801.15625
"1437","CR254230",111355.2578125
"1438","CR254231",80493.6484375
"1439","CR254232",76604.015625
"1440","CR254233",48957.98046875
"1441","CR254234",26940.646484375
"1442","CR254235",61524.47265625
"1443","CR254236",127392.3515625
"1444","CR254237",162130.40625
"1445","CR254238",155177.4375
"1446","CR254239",69833.21875
"1447","CR254240",30843.021484375
"1448","CR254241",38715.03125
"1449","CR254242",11228.3046875
"1450","CR254243",7728.046875
"1451","CR254244",7861.80810546875
"1452","CR254245",14788.921875
"1453","CR254246",3579.55053710938
"1454","CR254247",1133.94458007812
"1455","CR254248",396.538604736328
"1456","CR255175",0
"1457","CR255176",0
"1458","CR255177",0
"1459","CR255178",0
"1460","CR255179",0
"1461","CR255180",0
"1462","CR255181",0
"1463","CR255182",0
"1464","CR255183",0
"1465","CR255184",0
"1466","CR255185",0
"1467","CR255186",23.2035064697266
"1468","CR255187",78.9266738891602
"1469","CR255188",21.9369735717773
"1470","CR255189",1.42928218841553
"1471","CR255190",0.591936349868774
"1472","CR255191",0.61907023191452
"1473","CR255192",13.6624298095703
"1474","CR255193",54.9235725402832
"1475","CR255194",57.3565826416016
"1476","CR255195",11.984525680542
"1477","CR255196",0.890463054180145
"1478","CR255197",1.03908228874207
"1479","CR255198",1.27087795734406
"1480","CR255199",0.26901450753212
"1481","CR255200",24.1771278381348
"1482","CR255201",5677.33154296875
"1483","CR255202",9501.9853515625
"1484","CR255203",6803.578125
"1485","CR255204",13433.6279296875
"1486","CR255205",16870.166015625
"1487","CR255206",12813.4228515625
"1488","CR255207",28736.62109375
"1489","CR255208",37913.7109375
"1490","CR255209",45707.8515625
"1491","CR255210",49850.51171875
"1492","CR255211",12691.4560546875
"1493","CR255212",15696.259765625
"1494","CR255213",27009.2265625
"1495","CR255214",42643.21484375
"1496","CR255215",44186.6328125
"1497","CR255216",38548.8828125
"1498","CR255217",46573.67578125
"1499","CR255218",39992.17578125
"1500","CR255219",18757.775390625
"1501","CR255220",1457.86767578125
"1502","CR255221",1396.20202636719
"1503","CR255222",1443.28369140625
"1504","CR255223",1417.52368164062
"1505","CR255224",3554.25732421875
"1506","CR255225",3585.94921875
"1507","CR255226",6225.16357421875
"1508","CR255227",17327.400390625
"1509","CR255228",44620.84375
"1510","CR255229",151185.609375
"1511","CR255230",119969.3515625
"1512","CR255231",68743.375
"1513","CR255232",88461.3984375
"1514","CR255233",87405.1171875
"1515","CR255234",46162.3203125
"1516","CR255235",53597.484375
"1517","CR255236",104784.1328125
"1518","CR255237",147477.90625
"1519","CR255238",122147.71875
"1520","CR255239",34499.1015625
"1521","CR255240",32688.982421875
"1522","CR255241",41629.93359375
"1523","CR255242",8850.5751953125
"1524","CR255243",12697.0234375
"1525","CR255244",11252.5693359375
"1526","CR255245",8403.119140625
"1527","CR255246",450.230163574219
"1528","CR255247",325.959808349609
"1529","CR256173",0
"1530","CR256174",0
"1531","CR256175",0
"1532","CR256176",0
"1533","CR256177",0
"1534","CR256178",0
"1535","CR256179",0
"1536","CR256180",0
"1537","CR256181",0
"1538","CR256182",0
"1539","CR256183",0
"1540","CR256184",0
"1541","CR256185",0
"1542","CR256186",34.0822792053223
"1543","CR256187",54.0850830078125
"1544","CR256188",13.0504693984985
"1545","CR256189",0.123182781040668
"1546","CR256190",0.0699463486671448
"1547","CR256191",0.629988431930542
"1548","CR256192",21.7936134338379
"1549","CR256193",108.096008300781
"1550","CR256194",95.5840530395508
"1551","CR256195",14.9539413452148
"1552","CR256196",0.901681840419769
"1553","CR256197",23.9182147979736
"1554","CR256198",2.29668378829956
"1555","CR256199",8.60906219482422
"1556","CR256200",2379.86157226562
"1557","CR256201",8938.79296875
"1558","CR256202",12609.1064453125
"1559","CR256203",8910.8935546875
"1560","CR256204",14232.712890625
"1561","CR256205",33717.20703125
"1562","CR256206",30616.09765625
"1563","CR256207",32048.25
"1564","CR256208",43220.90234375
"1565","CR256209",39437.93359375
"1566","CR256210",32083.185546875
"1567","CR256211",1523.81469726562
"1568","CR256212",4489.91552734375
"1569","CR256213",10480.1904296875
"1570","CR256214",55793.03125
"1571","CR256215",53709.6796875
"1572","CR256216",49652.984375
"1573","CR256217",47581.8828125
"1574","CR256218",51515.95703125
"1575","CR256219",19884.642578125
"1576","CR256220",659.464294433594
"1577","CR256221",1225.36584472656
"1578","CR256222",1432.52551269531
"1579","CR256223",1515.91052246094
"1580","CR256224",2700.90942382812
"1581","CR256225",4137.27099609375
"1582","CR256226",9794.1142578125
"1583","CR256227",73907.9765625
"1584","CR256228",143238.75
"1585","CR256229",130978.6171875
"1586","CR256230",68505.3984375
"1587","CR256231",49358.2421875
"1588","CR256232",63199.296875
"1589","CR256233",74527.25
"1590","CR256234",71556.6953125
"1591","CR256235",31649.859375
"1592","CR256236",84308.734375
"1593","CR256237",136488.125
"1594","CR256238",58660.30859375
"1595","CR256239",12934.2373046875
"1596","CR256240",26640.6640625
"1597","CR256241",29660.595703125
"1598","CR256242",9570.0390625
"1599","CR256243",11725.0947265625
"1600","CR256244",6084.73046875
"1601","CR256245",923.757446289062
"1602","CR256246",114.346099853516
"1603","CR257172",0
"1604","CR257173",0
"1605","CR257174",0
"1606","CR257175",0
"1607","CR257176",0
"1608","CR257177",0
"1609","CR257178",0
"1610","CR257179",0
"1611","CR257180",0
"1612","CR257181",0
"1613","CR257182",0
"1614","CR257183",0
"1615","CR257184",0
"1616","CR257185",0.0208033751696348
"1617","CR257186",18.4557342529297
"1618","CR257187",55.8126792907715
"1619","CR257188",9.01643371582031
"1620","CR257189",0.0539592318236828
"1621","CR257190",0.0313676670193672
"1622","CR257191",2.30137658119202
"1623","CR257192",57.1732063293457
"1624","CR257193",93.3471069335938
"1625","CR257194",155.497787475586
"1626","CR257195",9.15945053100586
"1627","CR257196",29.4378185272217
"1628","CR257197",29.2169227600098
"1629","CR257198",78.2666244506836
"1630","CR257199",103.68172454834
"1631","CR257200",3538.35815429688
"1632","CR257201",8745.931640625
"1633","CR257202",12349.455078125
"1634","CR257203",11202.37109375
"1635","CR257204",13088.697265625
"1636","CR257205",13390.734375
"1637","CR257206",8751.3564453125
"1638","CR257207",10047.0400390625
"1639","CR257208",31300.7109375
"1640","CR257209",15994.5146484375
"1641","CR257210",11131.6845703125
"1642","CR257211",1719.39880371094
"1643","CR257212",7148.62890625
"1644","CR257213",10065.103515625
"1645","CR257214",46493.8828125
"1646","CR257215",61120.45703125
"1647","CR257216",57851.43359375
"1648","CR257217",54724.06640625
"1649","CR257218",27885.375
"1650","CR257219",11088.9345703125
"1651","CR257220",143.743377685547
"1652","CR257221",176.13591003418
"1653","CR257222",1181.19763183594
"1654","CR257223",562.124572753906
"1655","CR257224",3720.65405273438
"1656","CR257225",4929.990234375
"1657","CR257226",37336.72265625
"1658","CR257227",75500.265625
"1659","CR257228",93009.3046875
"1660","CR257229",69003.734375
"1661","CR257230",44263.94140625
"1662","CR257231",52161.515625
"1663","CR257232",51951.203125
"1664","CR257233",31088.671875
"1665","CR257234",29079.6484375
"1666","CR257235",11464.9873046875
"1667","CR257236",91007.21875
"1668","CR257237",92303.2265625
"1669","CR257238",32097.580078125
"1670","CR257239",5375.20166015625
"1671","CR257240",7798.1904296875
"1672","CR257241",6737.6826171875
"1673","CR257242",10053.8056640625
"1674","CR257243",6315.107421875
"1675","CR257244",226.173889160156
"1676","CR258172",0
"1677","CR258173",0
"1678","CR258174",0
"1679","CR258175",0
"1680","CR258176",0
"1681","CR258177",0
"1682","CR258178",0
"1683","CR258179",0
"1684","CR258180",0
"1685","CR258181",0
"1686","CR258182",0
"1687","CR258183",0
"1688","CR258184",0
"1689","CR258185",0
"1690","CR258186",1.15173172950745
"1691","CR258187",28.9764881134033
"1692","CR258188",25.7195243835449
"1693","CR258189",1.856196641922
"1694","CR258190",0.27751886844635
"1695","CR258191",10.5026845932007
"1696","CR258192",82.7025985717773
"1697","CR258193",73.6553726196289
"1698","CR258194",221.139312744141
"1699","CR258195",9.76137542724609
"1700","CR258196",11.7841911315918
"1701","CR258197",111.650398254395
"1702","CR258198",179.848526000977
"1703","CR258199",342.683380126953
"1704","CR258200",5956.85791015625
"1705","CR258201",14447.0869140625
"1706","CR258202",5123.947265625
"1707","CR258203",5532.24658203125
"1708","CR258204",10750.1708984375
"1709","CR258205",11019.4501953125
"1710","CR258206",10905.3115234375
"1711","CR258207",6846.638671875
"1712","CR258208",1982.66723632812
"1713","CR258209",1873.66833496094
"1714","CR258210",1735.75329589844
"1715","CR258211",2140.76098632812
"1716","CR258212",2779.75415039062
"1717","CR258213",5386.85546875
"1718","CR258214",36550.91015625
"1719","CR258215",60300.3671875
"1720","CR258216",60703.3515625
"1721","CR258217",43828.3046875
"1722","CR258218",4418.12548828125
"1723","CR258219",2625.220703125
"1724","CR258220",224.47135925293
"1725","CR258221",382.722808837891
"1726","CR258222",1556.64880371094
"1727","CR258223",1823.70642089844
"1728","CR258224",2314.74877929688
"1729","CR258225",5077.28125
"1730","CR258226",80080.171875
"1731","CR258227",112422.6484375
"1732","CR258228",94453.421875
"1733","CR258229",60944.88671875
"1734","CR258230",49960.70703125
"1735","CR258231",28524.111328125
"1736","CR258232",15388.9736328125
"1737","CR258233",16546.046875
"1738","CR258234",7894.08447265625
"1739","CR258235",25033.005859375
"1740","CR258236",33349.16796875
"1741","CR258237",37170.890625
"1742","CR258238",18923.48828125
"1743","CR258239",262.900756835938
"1744","CR258240",986.033874511719
"1745","CR258241",2306.220703125
"1746","CR258242",1618.44348144531
"1747","CR258243",121.406318664551
"1748","CR258244",151.692001342773
"1749","CR259175",0
"1750","CR259176",0
"1751","CR259177",0
"1752","CR259178",0
"1753","CR259179",0
"1754","CR259180",0
"1755","CR259181",0
"1756","CR259182",0
"1757","CR259183",0
"1758","CR259184",0
"1759","CR259185",0
"1760","CR259186",0
"1761","CR259187",8.10354232788086
"1762","CR259188",40.6972351074219
"1763","CR259189",10.7264347076416
"1764","CR259190",4.23441791534424
"1765","CR259191",23.0572357177734
"1766","CR259192",2.97782015800476
"1767","CR259193",0
"1768","CR259194",27.1365127563477
"1769","CR259195",161.777587890625
"1770","CR259196",186.893341064453
"1771","CR259197",633.512390136719
"1772","CR259198",1354.94360351562
"1773","CR259199",1143.91027832031
"1774","CR259200",4953.97314453125
"1775","CR259201",13024.2705078125
"1776","CR259202",5260.7275390625
"1777","CR259203",7636.0126953125
"1778","CR259204",7267.599609375
"1779","CR259205",3566.60693359375
"1780","CR259206",1580.17150878906
"1781","CR259207",1340.04138183594
"1782","CR259208",1100.34741210938
"1783","CR259209",1512.94177246094
"1784","CR259210",1780.74206542969
"1785","CR259211",2107.11791992188
"1786","CR259212",2205.294921875
"1787","CR259213",1566.73864746094
"1788","CR259214",17306.70703125
"1789","CR259215",50217.13671875
"1790","CR259216",57924.671875
"1791","CR259217",26993.546875
"1792","CR259218",4958.20654296875
"1793","CR259219",5206.9033203125
"1794","CR259220",3518.66064453125
"1795","CR259221",419.195983886719
"1796","CR259222",2097.90649414062
"1797","CR259223",4415.55322265625
"1798","CR259224",1889.38391113281
"1799","CR259225",26658.375
"1800","CR259226",65144.21875
"1801","CR259227",123652.921875
"1802","CR259228",87044.6640625
"1803","CR259229",41301.0703125
"1804","CR259230",52027.3359375
"1805","CR259231",59671.96875
"1806","CR259232",50864.25
"1807","CR259233",26784.376953125
"1808","CR259234",13556.5322265625
"1809","CR259235",25740.044921875
"1810","CR259236",5455.02734375
"1811","CR259237",20544.220703125
"1812","CR259238",17938.322265625
"1813","CR259239",18088.8203125
"1814","CR259240",507.856292724609
"1815","CR259241",412.5546875
"1816","CR259242",196.772872924805
"1817","CR259243",113.029243469238
"1818","CR260176",0
"1819","CR260177",0
"1820","CR260178",0
"1821","CR260179",0
"1822","CR260180",0
"1823","CR260181",0
"1824","CR260182",0
"1825","CR260183",0
"1826","CR260184",0
"1827","CR260185",0
"1828","CR260186",0
"1829","CR260187",3.82296323776245
"1830","CR260188",34.5420608520508
"1831","CR260189",1.84058582782745
"1832","CR260190",0
"1833","CR260191",0
"1834","CR260192",0
"1835","CR260193",0
"1836","CR260194",1.02440476417542
"1837","CR260195",107.147850036621
"1838","CR260196",111.921676635742
"1839","CR260197",705.278076171875
"1840","CR260198",1188.15454101562
"1841","CR260199",1257.37036132812
"1842","CR260200",3386.18383789062
"1843","CR260201",5232.93212890625
"1844","CR260202",2039.85607910156
"1845","CR260203",1756.28405761719
"1846","CR260204",1617.43920898438
"1847","CR260205",2232.7353515625
"1848","CR260206",2334.60205078125
"1849","CR260207",1549.00634765625
"1850","CR260208",2208.90307617188
"1851","CR260209",1343.73913574219
"1852","CR260210",1241.98754882812
"1853","CR260211",1933.04846191406
"1854","CR260212",2139.68090820312
"1855","CR260213",3198.81713867188
"1856","CR260214",30075.2265625
"1857","CR260215",52086.01171875
"1858","CR260216",49756.3203125
"1859","CR260217",27759.537109375
"1860","CR260218",9636.83984375
"1861","CR260219",9586.0458984375
"1862","CR260220",3469.17797851562
"1863","CR260221",2326.96118164062
"1864","CR260222",2387.70483398438
"1865","CR260223",8409.23828125
"1866","CR260224",4097.00244140625
"1867","CR260225",14755.6123046875
"1868","CR260226",56524.34375
"1869","CR260227",82867.5
"1870","CR260228",36065.8125
"1871","CR260229",38837.06640625
"1872","CR260230",76404.8515625
"1873","CR260231",83729.8984375
"1874","CR260232",42245.43359375
"1875","CR260233",31887.888671875
"1876","CR260234",16597.5625
"1877","CR260235",11908.0537109375
"1878","CR260236",4298.9287109375
"1879","CR260237",6741.21484375
"1880","CR260238",25988.064453125
"1881","CR260239",24038.033203125
"1882","CR260240",302.206176757812
"1883","CR260241",291.439666748047
"1884","CR260242",27.4296321868896
"1885","CR261178",0
"1886","CR261180",0
"1887","CR261181",0
"1888","CR261182",0
"1889","CR261183",0
"1890","CR261184",0
"1891","CR261185",0
"1892","CR261186",3.71197032928467
"1893","CR261187",4.84027338027954
"1894","CR261188",4.46230030059814
"1895","CR261189",114.092216491699
"1896","CR261190",0
"1897","CR261191",0
"1898","CR261192",0
"1899","CR261193",0
"1900","CR261194",69.4991683959961
"1901","CR261195",406.671051025391
"1902","CR261196",1115.2998046875
"1903","CR261197",1339.96716308594
"1904","CR261198",1426.40185546875
"1905","CR261199",2379.08227539062
"1906","CR261200",3645.43676757812
"1907","CR261201",1685.68212890625
"1908","CR261202",1973.68359375
"1909","CR261203",1812.87805175781
"1910","CR261204",1387.80334472656
"1911","CR261205",3949.34716796875
"1912","CR261206",3703.14282226562
"1913","CR261207",2755.6591796875
"1914","CR261208",5943.28759765625
"1915","CR261209",4536.84521484375
"1916","CR261210",2391.86572265625
"1917","CR261211",3479.59521484375
"1918","CR261212",5002.541015625
"1919","CR261213",6244.140625
"1920","CR261214",26627.0390625
"1921","CR261215",48608.36328125
"1922","CR261216",53879.984375
"1923","CR261217",48513.4140625
"1924","CR261218",19847.666015625
"1925","CR261219",10510.1396484375
"1926","CR261220",3800.78442382812
"1927","CR261221",2843.5185546875
"1928","CR261222",1208.67724609375
"1929","CR261223",2719.00024414062
"1930","CR261224",485.328430175781
"1931","CR261225",979.296081542969
"1932","CR261226",22060.53515625
"1933","CR261227",30385.978515625
"1934","CR261228",37802.484375
"1935","CR261229",37428.7734375
"1936","CR261230",70666.84375
"1937","CR261231",37048.2734375
"1938","CR261232",37450.1484375
"1939","CR261233",20366.046875
"1940","CR261234",5950.40478515625
"1941","CR261235",881.059814453125
"1942","CR261236",3135.60522460938
"1943","CR261237",4422.984375
"1944","CR261238",6997.81005859375
"1945","CR261239",651.371643066406
"1946","CR261240",18.1037998199463
"1947","CR262181",0
"1948","CR262182",0
"1949","CR262183",0
"1950","CR262184",0
"1951","CR262185",3.86966705322266
"1952","CR262186",37.852424621582
"1953","CR262187",25.3228244781494
"1954","CR262188",2339.16528320312
"1955","CR262189",4449.3056640625
"1956","CR262190",63.0952453613281
"1957","CR262191",12.8022956848145
"1958","CR262192",0
"1959","CR262193",38.5140151977539
"1960","CR262194",152.410369873047
"1961","CR262195",933.510620117188
"1962","CR262196",1777.61694335938
"1963","CR262197",2421.72094726562
"1964","CR262198",3608.48583984375
"1965","CR262199",3536.28930664062
"1966","CR262200",3406.62524414062
"1967","CR262201",2098.10034179688
"1968","CR262202",2943.93188476562
"1969","CR262203",4361.78466796875
"1970","CR262204",5163.7763671875
"1971","CR262205",7491.0888671875
"1972","CR262206",6406.6552734375
"1973","CR262207",6458.81689453125
"1974","CR262208",7501.82177734375
"1975","CR262209",7144.3955078125
"1976","CR262210",4429.92529296875
"1977","CR262211",6253.24755859375
"1978","CR262212",14289.5439453125
"1979","CR262213",9717.4189453125
"1980","CR262214",5595.0498046875
"1981","CR262215",40533.8203125
"1982","CR262216",46180.98046875
"1983","CR262217",43729.9296875
"1984","CR262218",26176.44921875
"1985","CR262219",21558.1953125
"1986","CR262220",6448.2314453125
"1987","CR262221",2578.5185546875
"1988","CR262222",2025.76867675781
"1989","CR262223",891.110229492188
"1990","CR262224",518.485656738281
"1991","CR262225",215.268493652344
"1992","CR262226",8371.4677734375
"1993","CR262227",17723.419921875
"1994","CR262228",52342.20703125
"1995","CR262229",27998.751953125
"1996","CR262230",1580.63610839844
"1997","CR262231",5142.5302734375
"1998","CR262232",11410.9443359375
"1999","CR262233",6762.9375
"2000","CR262234",26.0972003936768
"2001","CR262235",378.950317382812
"2002","CR262236",565.648254394531
"2003","CR262237",109.102531433105
"2004","CR262238",0
"2005","CR263181",0
"2006","CR263182",0
"2007","CR263183",0
"2008","CR263184",7.85762691497803
"2009","CR263185",62.5320930480957
"2010","CR263186",121.597213745117
"2011","CR263187",213.179565429688
"2012","CR263188",1515.94226074219
"2013","CR263189",5028.24267578125
"2014","CR263190",7551.16162109375
"2015","CR263191",4339.25634765625
"2016","CR263192",3.73429751396179
"2017","CR263193",137.62028503418
"2018","CR263194",678.891723632812
"2019","CR263195",942.6298828125
"2020","CR263196",1409.53662109375
"2021","CR263197",3523.67895507812
"2022","CR263198",3530.20654296875
"2023","CR263199",2771.81396484375
"2024","CR263200",2519.13403320312
"2025","CR263201",7626.47119140625
"2026","CR263202",7812.25341796875
"2027","CR263203",8062.14794921875
"2028","CR263204",6404.94140625
"2029","CR263205",6774.72119140625
"2030","CR263206",5072.93896484375
"2031","CR263207",6211.060546875
"2032","CR263208",6536.44677734375
"2033","CR263209",5363.6064453125
"2034","CR263210",5796.40771484375
"2035","CR263211",34144.09765625
"2036","CR263212",36186.7421875
"2037","CR263213",37492.1875
"2038","CR263214",37037.59375
"2039","CR263215",43091.81640625
"2040","CR263216",41410.4765625
"2041","CR263217",38280.89453125
"2042","CR263218",26303.234375
"2043","CR263219",27660.79296875
"2044","CR263220",27792.798828125
"2045","CR263221",7107.546875
"2046","CR263222",4438.041015625
"2047","CR263223",2398.32177734375
"2048","CR263224",1715.8525390625
"2049","CR263225",756.454284667969
"2050","CR263226",2083.4853515625
"2051","CR263227",8830.880859375
"2052","CR263228",33842.32421875
"2053","CR263229",8641.62109375
"2054","CR263230",942.605102539062
"2055","CR263231",1141.54553222656
"2056","CR263232",257.488922119141
"2057","CR263233",24.4110927581787
"2058","CR263234",5.12576103210449
"2059","CR263235",0.866362154483795
"2060","CR263236",0
"2061","CR263237",0
"2062","CR263238",0
"2063","CR264181",0
"2064","CR264182",0
"2065","CR264183",0.221606001257896
"2066","CR264184",55.0433654785156
"2067","CR264185",132.406661987305
"2068","CR264186",135.121337890625
"2069","CR264187",720.804443359375
"2070","CR264188",1599.62280273438
"2071","CR264189",5650.10986328125
"2072","CR264190",8358.7470703125
"2073","CR264191",1521.46203613281
"2074","CR264192",544.605285644531
"2075","CR264193",1148.41088867188
"2076","CR264194",1142.99108886719
"2077","CR264195",1087.67468261719
"2078","CR264196",727.567138671875
"2079","CR264197",5409.6796875
"2080","CR264198",6780.876953125
"2081","CR264199",6913.3916015625
"2082","CR264200",6515.99951171875
"2083","CR264201",12031.982421875
"2084","CR264202",18459.296875
"2085","CR264203",12618.2666015625
"2086","CR264204",4608.2841796875
"2087","CR264205",3462.47802734375
"2088","CR264206",4157.015625
"2089","CR264207",4608.05859375
"2090","CR264208",4183.154296875
"2091","CR264209",3839.08618164062
"2092","CR264210",8415.8076171875
"2093","CR264211",28424.6640625
"2094","CR264212",29846.435546875
"2095","CR264213",32918.3828125
"2096","CR264214",47684.67578125
"2097","CR264215",48721.64453125
"2098","CR264216",36731.91796875
"2099","CR264217",38504.62109375
"2100","CR264218",21443.333984375
"2101","CR264219",32193.66015625
"2102","CR264220",43909.875
"2103","CR264221",41084.01171875
"2104","CR264222",27640.611328125
"2105","CR264223",3629.8720703125
"2106","CR264224",1527.15808105469
"2107","CR264225",547.408081054688
"2108","CR264226",817.841491699219
"2109","CR264227",3096.63330078125
"2110","CR264228",8547.765625
"2111","CR264229",892.306274414062
"2112","CR264230",45.0467872619629
"2113","CR264231",0
"2114","CR264232",0
"2115","CR264235",0
"2116","CR264236",0
"2117","CR265182",0
"2118","CR265183",0
"2119","CR265184",15.5381202697754
"2120","CR265185",8.28237533569336
"2121","CR265186",1257.57299804688
"2122","CR265187",2240.54467773438
"2123","CR265188",2972.5732421875
"2124","CR265189",7215.046875
"2125","CR265190",2214.78076171875
"2126","CR265191",347.904052734375
"2127","CR265192",1181.78442382812
"2128","CR265193",1010.88604736328
"2129","CR265194",1205.16979980469
"2130","CR265195",1502.17639160156
"2131","CR265196",6166.8330078125
"2132","CR265197",8638.904296875
"2133","CR265198",8731.771484375
"2134","CR265199",8158.58837890625
"2135","CR265200",8443.423828125
"2136","CR265201",10843.1767578125
"2137","CR265202",5047.29443359375
"2138","CR265203",6305.53466796875
"2139","CR265204",3404.67993164062
"2140","CR265205",2426.41015625
"2141","CR265206",2961.66015625
"2142","CR265207",3125.73657226562
"2143","CR265208",3577.16918945312
"2144","CR265209",3200.24536132812
"2145","CR265210",25111.150390625
"2146","CR265211",27494.890625
"2147","CR265212",27133.05078125
"2148","CR265213",29492.732421875
"2149","CR265214",25647.953125
"2150","CR265215",42777.515625
"2151","CR265216",39236.67578125
"2152","CR265217",30796.515625
"2153","CR265218",19778.80078125
"2154","CR265219",25573.9296875
"2155","CR265220",37484.765625
"2156","CR265221",23355.99609375
"2157","CR265222",24206.921875
"2158","CR265223",3569.75756835938
"2159","CR265224",1926.93249511719
"2160","CR265225",411.429016113281
"2161","CR265226",660.487365722656
"2162","CR265227",1184.93469238281
"2163","CR265228",1994.99914550781
"2164","CR265229",23.3966331481934
"2165","CR265230",0
"2166","CR265231",0
"2167","CR266182",0
"2168","CR266183",0
"2169","CR266184",0
"2170","CR266185",5.20058488845825
"2171","CR266186",1593.017578125
"2172","CR266187",3801.10009765625
"2173","CR266188",2758.51342773438
"2174","CR266189",983.598449707031
"2175","CR266190",36.8131980895996
"2176","CR266191",37.5369415283203
"2177","CR266192",93.5717620849609
"2178","CR266193",5625.14501953125
"2179","CR266194",8974.1552734375
"2180","CR266195",4791.740234375
"2181","CR266196",8253.2734375
"2182","CR266197",7730.79541015625
"2183","CR266198",7821.07763671875
"2184","CR266199",7852.44287109375
"2185","CR266200",10654.60546875
"2186","CR266201",7221.65966796875
"2187","CR266202",5830.6337890625
"2188","CR266203",2635.22143554688
"2189","CR266204",2626.46411132812
"2190","CR266205",4785.81396484375
"2191","CR266206",3973.88110351562
"2192","CR266207",3147.74584960938
"2193","CR266208",4718.18017578125
"2194","CR266209",3773.00561523438
"2195","CR266210",24289.25390625
"2196","CR266211",35321.765625
"2197","CR266212",37860.62109375
"2198","CR266213",28921.474609375
"2199","CR266214",25287.609375
"2200","CR266215",16261.73046875
"2201","CR266216",26854.193359375
"2202","CR266217",21780.458984375
"2203","CR266218",16698.578125
"2204","CR266219",19875.376953125
"2205","CR266220",22220.337890625
"2206","CR266221",8260.59765625
"2207","CR266222",2599.1708984375
"2208","CR266223",2684.67700195312
"2209","CR266224",2882.697265625
"2210","CR266225",2842.03100585938
"2211","CR266226",1204.57214355469
"2212","CR266227",703.9931640625
"2213","CR266228",424.33349609375
"2214","CR266229",1.79974508285522
"2215","CR266230",0
"2216","CR267182",0
"2217","CR267183",0
"2218","CR267184",0
"2219","CR267185",151.403503417969
"2220","CR267186",1536.49853515625
"2221","CR267187",874.983215332031
"2222","CR267188",3.7947781085968
"2223","CR267189",1.38379216194153
"2224","CR267190",7.45084714889526
"2225","CR267191",18.5339622497559
"2226","CR267192",352.691986083984
"2227","CR267193",3057.24731445312
"2228","CR267194",15918.5693359375
"2229","CR267195",29917.205078125
"2230","CR267196",25842.26171875
"2231","CR267197",12891.3369140625
"2232","CR267198",18476.654296875
"2233","CR267199",15007.7392578125
"2234","CR267200",10049.693359375
"2235","CR267201",2941.10375976562
"2236","CR267202",5341.42578125
"2237","CR267203",9964.9326171875
"2238","CR267204",2239.39892578125
"2239","CR267205",2849.86767578125
"2240","CR267206",4967.6904296875
"2241","CR267207",3592.04223632812
"2242","CR267208",2586.18188476562
"2243","CR267209",2121.96020507812
"2244","CR267210",3479.7744140625
"2245","CR267211",28531.794921875
"2246","CR267212",29821.486328125
"2247","CR267213",28492.26953125
"2248","CR267214",22695.546875
"2249","CR267215",11590.37109375
"2250","CR267216",14559.630859375
"2251","CR267217",12822.1669921875
"2252","CR267218",11150.689453125
"2253","CR267219",19887.6640625
"2254","CR267220",21122.1953125
"2255","CR267221",4813.87353515625
"2256","CR267222",2558.94653320312
"2257","CR267223",1138.04541015625
"2258","CR267224",1552.92639160156
"2259","CR267225",965.307312011719
"2260","CR267226",149.09553527832
"2261","CR267227",15.3096733093262
"2262","CR267228",0.18582010269165
"2263","CR267229",0
"2264","CR268182",0
"2265","CR268183",0
"2266","CR268184",0
"2267","CR268185",0.783209979534149
"2268","CR268186",0.889470219612122
"2269","CR268187",0
"2270","CR268188",0
"2271","CR268189",0
"2272","CR268190",41.6325645446777
"2273","CR268191",341.747680664062
"2274","CR268192",398.286285400391
"2275","CR268193",406.432403564453
"2276","CR268194",12580.525390625
"2277","CR268195",33330.81640625
"2278","CR268196",22841.52734375
"2279","CR268197",22041.98046875
"2280","CR268198",26073.509765625
"2281","CR268199",26094.37109375
"2282","CR268200",27069.2890625
"2283","CR268201",10366.947265625
"2284","CR268202",32420.765625
"2285","CR268203",69811.28125
"2286","CR268204",44177.54296875
"2287","CR268205",46638.58984375
"2288","CR268206",29533.884765625
"2289","CR268207",23878.111328125
"2290","CR268208",7642.56787109375
"2291","CR268209",3122.81811523438
"2292","CR268210",7659.00732421875
"2293","CR268211",19877.1875
"2294","CR268212",22188.921875
"2295","CR268213",21696.880859375
"2296","CR268214",22949.20703125
"2297","CR268215",11702.3720703125
"2298","CR268216",12080.921875
"2299","CR268217",14332.5732421875
"2300","CR268218",6388.935546875
"2301","CR268219",8983.1748046875
"2302","CR268220",11829.912109375
"2303","CR268221",1915.21008300781
"2304","CR268222",1827.46984863281
"2305","CR268223",990.627014160156
"2306","CR268224",317.318939208984
"2307","CR268225",0
"2308","CR268226",8.09106636047363
"2309","CR268227",5.81029462814331
"2310","CR268228",0
"2311","CR269183",0
"2312","CR269184",0
"2313","CR269185",0
"2314","CR269186",0
"2315","CR269187",0
"2316","CR269188",0
"2317","CR269189",0
"2318","CR269190",399.798095703125
"2319","CR269191",581.612548828125
"2320","CR269192",276.493286132812
"2321","CR269193",450.809204101562
"2322","CR269194",15354.8994140625
"2323","CR269195",25218.6015625
"2324","CR269196",31631.2578125
"2325","CR269197",33370.625
"2326","CR269198",20104.69921875
"2327","CR269199",19116.271484375
"2328","CR269200",17380.654296875
"2329","CR269201",35357.78125
"2330","CR269202",60544.53515625
"2331","CR269203",54153.234375
"2332","CR269204",66876.328125
"2333","CR269205",62209.12890625
"2334","CR269206",53367.81640625
"2335","CR269207",37014.27734375
"2336","CR269208",13954.771484375
"2337","CR269209",9132.64453125
"2338","CR269210",10737.984375
"2339","CR269211",11458.326171875
"2340","CR269212",16434
"2341","CR269213",4962.64697265625
"2342","CR269214",5832.3115234375
"2343","CR269215",10447.4814453125
"2344","CR269216",11724.3017578125
"2345","CR269217",11732.296875
"2346","CR269218",3953.5302734375
"2347","CR269219",2407.72241210938
"2348","CR269220",1677.28979492188
"2349","CR269221",1634.81359863281
"2350","CR269222",1016.50567626953
"2351","CR269223",1520.45922851562
"2352","CR269224",1158.81103515625
"2353","CR269225",504.039978027344
"2354","CR269226",0.534262835979462
"2355","CR269227",0
"2356","CR269228",0
"2357","CR270183",0
"2358","CR270184",0
"2359","CR270185",0
"2360","CR270186",0
"2361","CR270187",0
"2362","CR270188",0
"2363","CR270189",0
"2364","CR270190",103.903823852539
"2365","CR270191",347.827056884766
"2366","CR270192",242.902755737305
"2367","CR270193",472.229064941406
"2368","CR270194",13176.8505859375
"2369","CR270195",18593.708984375
"2370","CR270196",39605.5390625
"2371","CR270197",62494.984375
"2372","CR270198",23575.53125
"2373","CR270199",31861.587890625
"2374","CR270200",10830.0244140625
"2375","CR270201",8751.7138671875
"2376","CR270202",10668.3046875
"2377","CR270203",35636.30078125
"2378","CR270204",40254.2734375
"2379","CR270205",47488.99609375
"2380","CR270206",40572.84765625
"2381","CR270207",13723.5224609375
"2382","CR270208",10267.1328125
"2383","CR270209",8227.6064453125
"2384","CR270210",6403.9248046875
"2385","CR270211",1312.81079101562
"2386","CR270212",2085.76025390625
"2387","CR270213",2407.1708984375
"2388","CR270214",2239.15087890625
"2389","CR270215",2658.486328125
"2390","CR270216",4439.15869140625
"2391","CR270217",4187.11328125
"2392","CR270218",206.417922973633
"2393","CR270219",556.446594238281
"2394","CR270220",653.201049804688
"2395","CR270221",450.691650390625
"2396","CR270222",308.892364501953
"2397","CR270223",1173.78332519531
"2398","CR270224",1344.45690917969
"2399","CR270225",309.462707519531
"2400","CR270226",0
"2401","CR270227",0
"2402","CR270228",0
"2403","CR271183",0
"2404","CR271184",0
"2405","CR271185",0
"2406","CR271186",0
"2407","CR271187",0
"2408","CR271188",0
"2409","CR271189",0
"2410","CR271190",127.366500854492
"2411","CR271191",527.236145019531
"2412","CR271192",622.047485351562
"2413","CR271193",397.649200439453
"2414","CR271194",7863.08056640625
"2415","CR271195",11623.09765625
"2416","CR271196",16137.4892578125
"2417","CR271197",25867.625
"2418","CR271198",20147.978515625
"2419","CR271199",24465.46484375
"2420","CR271200",8804.1611328125
"2421","CR271201",611.11767578125
"2422","CR271202",455.169525146484
"2423","CR271203",7694.1943359375
"2424","CR271204",19647.30859375
"2425","CR271205",37580
"2426","CR271206",46133.94140625
"2427","CR271207",16793.95703125
"2428","CR271208",14571.234375
"2429","CR271209",9618.02734375
"2430","CR271210",2117.47119140625
"2431","CR271211",773.421203613281
"2432","CR271212",1472.80810546875
"2433","CR271213",974.461364746094
"2434","CR271214",1539.12890625
"2435","CR271215",2738.68798828125
"2436","CR271216",1768.42553710938
"2437","CR271217",307.425109863281
"2438","CR271218",50.6012954711914
"2439","CR271219",248.116546630859
"2440","CR271220",73.7704696655273
"2441","CR271221",61.0053062438965
"2442","CR271222",253.552139282227
"2443","CR271223",811.633728027344
"2444","CR271224",472.911773681641
"2445","CR271225",284.559295654297
"2446","CR271226",0
"2447","CR271227",0
"2448","CR272185",0
"2449","CR272186",0
"2450","CR272187",0
"2451","CR272188",0
"2452","CR272189",0
"2453","CR272190",5.22530746459961
"2454","CR272191",29.2947559356689
"2455","CR272192",581.800354003906
"2456","CR272193",803.701416015625
"2457","CR272194",3894.00341796875
"2458","CR272195",10819.255859375
"2459","CR272196",17060.58984375
"2460","CR272197",9897.40234375
"2461","CR272198",13328.8662109375
"2462","CR272199",8889.7216796875
"2463","CR272200",3801.72607421875
"2464","CR272201",382.53125
"2465","CR272202",56.2942733764648
"2466","CR272203",0
"2467","CR272204",0
"2468","CR272205",5858.92236328125
"2469","CR272206",24531.650390625
"2470","CR272207",23381.92578125
"2471","CR272208",12453.966796875
"2472","CR272209",3531.77197265625
"2473","CR272210",3162.39819335938
"2474","CR272211",1274.13500976562
"2475","CR272212",1059.54602050781
"2476","CR272213",1.27085208892822
"2477","CR272214",46.1228256225586
"2478","CR272215",679.530334472656
"2479","CR272216",270.313598632812
"2480","CR272217",27.9512767791748
"2481","CR272218",30.8842086791992
"2482","CR272219",309.382537841797
"2483","CR272220",56.9064445495605
"2484","CR272221",0
"2485","CR272222",724.101928710938
"2486","CR272223",1389.75854492188
"2487","CR272224",501.299926757812
"2488","CR272225",61.4415283203125
"2489","CR272226",0
"2490","CR272227",0
"2491","CR273185",0
"2492","CR273186",67.904182434082
"2493","CR273187",6682.20751953125
"2494","CR273188",3922.85498046875
"2495","CR273189",1697.95520019531
"2496","CR273190",435.395965576172
"2497","CR273191",320.358795166016
"2498","CR273192",616.646179199219
"2499","CR273193",1362.50622558594
"2500","CR273194",1675.43835449219
"2501","CR273195",4031.27856445312
"2502","CR273196",3638.1669921875
"2503","CR273197",4098.7001953125
"2504","CR273198",5732.994140625
"2505","CR273199",505.655395507812
"2506","CR273200",133.82160949707
"2507","CR273201",79.5993194580078
"2508","CR273202",0
"2509","CR273203",0
"2510","CR273204",0
"2511","CR273205",0
"2512","CR273206",14429.4912109375
"2513","CR273207",8696.4541015625
"2514","CR273208",1161.05200195312
"2515","CR273209",655.974792480469
"2516","CR273210",2075.02001953125
"2517","CR273211",621.792358398438
"2518","CR273212",6.83940649032593
"2519","CR273213",0
"2520","CR273214",0
"2521","CR273215",0
"2522","CR273216",2.1713240146637
"2523","CR273217",1.35544085502625
"2524","CR273218",45.5740509033203
"2525","CR273219",149.82666015625
"2526","CR273220",10.3361663818359
"2527","CR273221",0
"2528","CR273222",56.6446342468262
"2529","CR273223",93.3148498535156
"2530","CR273224",13.1916275024414
"2531","CR273225",0
"2532","CR273226",0
"2533","CR273227",0
"2534","CR274185",0
"2535","CR274186",104.984214782715
"2536","CR274187",8622.8505859375
"2537","CR274188",17332.42578125
"2538","CR274189",3997.3232421875
"2539","CR274190",363.380340576172
"2540","CR274191",218.050476074219
"2541","CR274192",574.613342285156
"2542","CR274193",1026.40441894531
"2543","CR274194",634.198364257812
"2544","CR274195",20.394495010376
"2545","CR274196",18.0838584899902
"2546","CR274197",0.220157727599144
"2547","CR274198",0
"2548","CR274199",0
"2549","CR274200",0
"2550","CR274201",0
"2551","CR274202",0
"2552","CR274203",0
"2553","CR274204",0
"2554","CR274205",37.4816284179688
"2555","CR274206",414.354705810547
"2556","CR274207",409.967895507812
"2557","CR274208",156.780349731445
"2558","CR274209",0
"2559","CR274210",2.33710789680481
"2560","CR274211",0
"2561","CR274212",0
"2562","CR274213",0
"2563","CR274214",0
"2564","CR274215",0
"2565","CR274216",0
"2566","CR274217",0
"2567","CR274218",0
"2568","CR274219",0.318886041641235
"2569","CR274220",0
"2570","CR274221",30.6234683990479
"2571","CR274222",7.6053900718689
"2572","CR274223",3.85780763626099
"2573","CR274224",0
"2574","CR274225",0
"2575","CR274226",0
"2576","CR275186",0
"2577","CR275187",2345.45288085938
"2578","CR275188",8515.373046875
"2579","CR275189",610.475646972656
"2580","CR275190",50.3992233276367
"2581","CR275191",128.007171630859
"2582","CR275192",511.298431396484
"2583","CR275193",616.089721679688
"2584","CR275194",228.082962036133
"2585","CR275195",14.7345275878906
"2586","CR275196",6.90072250366211
"2587","CR275197",0
"2588","CR275198",0
"2589","CR275199",0
"2590","CR275200",0
"2591","CR275201",0
"2592","CR275202",0
"2593","CR275203",0
"2594","CR275204",0
"2595","CR275205",10.5231151580811
"2596","CR275206",14.5423889160156
"2597","CR275207",36.1525497436523
"2598","CR275208",0
"2599","CR275209",0
"2600","CR275210",0
"2601","CR275211",0
"2602","CR275212",0
"2603","CR275213",0
"2604","CR275214",0
"2605","CR275215",0
"2606","CR275216",0
"2607","CR275217",0
"2608","CR275218",0
"2609","CR275219",0
"2610","CR275220",10.3804807662964
"2611","CR275221",150.879928588867
"2612","CR275222",20.7243194580078
"2613","CR275223",0
"2614","CR275224",0
"2615","CR275225",0
"2616","CR275226",0
"2617","CR276186",682.41162109375
"2618","CR276187",1706.83239746094
"2619","CR276188",0
"2620","CR276189",0
"2621","CR276190",0
"2622","CR276191",0
"2623","CR276192",153.59684753418
"2624","CR276193",94.8589782714844
"2625","CR276194",22.9707317352295
"2626","CR276195",4.209641456604
"2627","CR276196",4.10717582702637
"2628","CR276197",0
"2629","CR276198",0
"2630","CR276199",0
"2631","CR276200",0
"2632","CR276201",0
"2633","CR276202",0
"2634","CR276203",0
"2635","CR276204",0
"2636","CR276205",0
"2637","CR276206",0
"2638","CR276207",0
"2639","CR276208",0
"2640","CR276209",0
"2641","CR276210",0
"2642","CR276211",0
"2643","CR276212",0
"2644","CR276213",0
"2645","CR276214",0
"2646","CR276215",0
"2647","CR276216",0
"2648","CR276217",0
"2649","CR276218",0
"2650","CR276219",0
"2651","CR276220",24.0750141143799
"2652","CR276221",33.0814247131348
"2653","CR276222",2.62992334365845
"2654","CR276223",0
"2655","CR276224",0
"2656","CR276225",0
"2657","CR276226",0
"2658","CR277186",802.416625976562
"2659","CR277187",345.866516113281
"2660","CR277188",0
"2661","CR277189",0
"2662","CR277190",0
"2663","CR277191",0
"2664","CR277192",0
"2665","CR277193",0
"2666","CR277194",0
"2667","CR277195",0
"2668","CR277196",0
"2669","CR277197",0
"2670","CR277198",0
"2671","CR277199",0
"2672","CR277200",0
"2673","CR277201",0
"2674","CR277202",0
"2675","CR277203",0
"2676","CR277204",0
"2677","CR277205",0
"2678","CR277206",0
"2679","CR277207",0
"2680","CR277208",0
"2681","CR277209",0
"2682","CR277210",0
"2683","CR277211",0
"2684","CR277212",0
"2685","CR277213",0
"2686","CR277214",0
"2687","CR277215",0
"2688","CR277216",0
"2689","CR277217",0
"2690","CR277218",0
"2691","CR277219",0
"2692","CR277220",0
"2693","CR277221",0
"2694","CR277222",0
"2695","CR277223",0
"2696","CR277224",0
"2697","CR277225",0
"2698","CR277226",0
"2699","CR278186",0
"2700","CR278187",0
"2701","CR278188",0
"2702","CR278189",0
"2703","CR278190",0
"2704","CR278191",0
"2705","CR278192",0
"2706","CR278193",0
"2707","CR278194",0
"2708","CR278195",0
"2709","CR278196",0
"2710","CR278197",0
"2711","CR278198",0
"2712","CR278199",0
"2713","CR278200",0
"2714","CR278201",0
"2715","CR278202",0
"2716","CR278203",0
"2717","CR278204",0
"2718","CR278205",0
"2719","CR278206",0
"2720","CR278207",0
"2721","CR278208",0
"2722","CR278209",0
"2723","CR278210",0
"2724","CR278211",0
"2725","CR278212",0
"2726","CR278213",0
"2727","CR278214",0
"2728","CR278215",0
"2729","CR278216",0
"2730","CR278217",0
"2731","CR278218",0
"2732","CR278219",0
"2733","CR278220",0
"2734","CR278221",0
"2735","CR278222",0
"2736","CR278223",0
"2737","CR278224",0
"2738","CR278225",0
"2739","CR279186",0
"2740","CR279187",0
"2741","CR279188",0
"2742","CR279189",0
"2743","CR279190",0
"2744","CR279191",0
"2745","CR279192",0
"2746","CR279193",0
"2747","CR279194",0
"2748","CR279195",0
"2749","CR279196",0
"2750","CR279197",0
"2751","CR279198",0
"2752","CR279199",0
"2753","CR279200",0
"2754","CR279201",0
"2755","CR279202",0
"2756","CR279203",0
"2757","CR279204",0
"2758","CR279205",0
"2759","CR279206",0
"2760","CR279207",0
"2761","CR279208",0
"2762","CR279209",0
"2763","CR279210",0
"2764","CR279211",0
"2765","CR279212",0
"2766","CR279213",0
"2767","CR279214",0
"2768","CR279215",0
"2769","CR279216",0
"2770","CR279217",0
"2771","CR279218",0
"2772","CR279219",0
"2773","CR279220",0
"2774","CR279221",0
"2775","CR279222",0
"2776","CR279223",0
"2777","CR280186",0
"2778","CR280187",0
"2779","CR280188",0
"2780","CR280189",0
"2781","CR280190",0
"2782","CR280191",0
"2783","CR280192",0
"2784","CR280193",0
"2785","CR280194",0
"2786","CR280195",0
"2787","CR280196",0
"2788","CR280197",0
"2789","CR280198",0
"2790","CR280199",0
"2791","CR280200",0
"2792","CR280201",0
"2793","CR280202",0
"2794","CR280203",0
"2795","CR280204",0
"2796","CR280205",0
"2797","CR280206",0
"2798","CR280207",0
"2799","CR280208",0
"2800","CR280209",0
"2801","CR280210",0
"2802","CR280211",0
"2803","CR280212",0
"2804","CR280213",0
"2805","CR280214",0
"2806","CR280215",0
"2807","CR280216",0
"2808","CR280217",0
"2809","CR280218",0
"2810","CR280219",0
"2811","CR280220",0
"2812","CR280221",0
"2813","CR280222",0
"2814","CR281186",0
"2815","CR281187",0
"2816","CR281188",0
"2817","CR281189",0
"2818","CR281190",0
"2819","CR281191",0
"2820","CR281192",0
"2821","CR281193",0
"2822","CR281194",0
"2823","CR281195",0
"2824","CR281196",0
"2825","CR281197",0
"2826","CR281198",0
"2827","CR281199",0
"2828","CR281200",0
"2829","CR281201",0
"2830","CR281202",0
"2831","CR281203",0
"2832","CR281204",0
"2833","CR281205",0
"2834","CR281206",0
"2835","CR281207",0
"2836","CR281208",0
"2837","CR281209",0
"2838","CR281210",0
"2839","CR281211",0
"2840","CR281212",0
"2841","CR281213",0
"2842","CR281214",0
"2843","CR281215",0
"2844","CR281216",0
"2845","CR281217",0
"2846","CR281218",0
"2847","CR281219",0
"2848","CR281220",0
"2849","CR282187",0
"2850","CR282188",0
"2851","CR282189",0
"2852","CR282190",0
"2853","CR282191",0
"2854","CR282192",0
"2855","CR282193",0
"2856","CR282194",0
"2857","CR282195",0
"2858","CR282196",0
"2859","CR282197",0
"2860","CR282198",0
"2861","CR282199",0
"2862","CR282200",0
"2863","CR282201",0
"2864","CR282202",0
"2865","CR282203",0
"2866","CR282204",0
"2867","CR282205",0
"2868","CR282206",0
"2869","CR282207",0
"2870","CR282208",0
"2871","CR282209",0
"2872","CR282210",0
"2873","CR282211",0
"2874","CR282212",0
"2875","CR282213",0
"2876","CR282214",0
"2877","CR282215",0
"2878","CR282216",0
"2879","CR283187",0
"2880","CR283188",0
"2881","CR283189",0
"2882","CR283190",42.6964721679688
"2883","CR283191",98.3782119750977
"2884","CR283192",0
"2885","CR283193",0
"2886","CR283194",0
"2887","CR283195",0
"2888","CR283196",0
"2889","CR283197",0
"2890","CR283198",0
"2891","CR283199",0
"2892","CR283200",0
"2893","CR283201",0
"2894","CR283202",0
"2895","CR283203",0
"2896","CR283204",0
"2897","CR283205",0
"2898","CR283206",0
"2899","CR283207",0
"2900","CR283208",0
"2901","CR283209",0
"2902","CR283212",0
"2903","CR283213",0
"2904","CR284188",0
"2905","CR284189",0
"2906","CR284190",198.957366943359
"2907","CR284191",453.669708251953
"2908","CR284192",85.7582321166992
"2909","CR284193",0
"2910","CR284194",0
"2911","CR284195",0
"2912","CR284196",0
"2913","CR284197",0
"2914","CR284198",0
"2915","CR284199",0
"2916","CR284200",0
"2917","CR284201",0
"2918","CR284202",0
"2919","CR284203",0
"2920","CR284204",0
"2921","CR284205",0
"2922","CR284206",0
"2923","CR285189",0
"2924","CR285190",135.643447875977
"2925","CR285191",128.065673828125
"2926","CR285192",1.83092200756073
"2927","CR285193",0
"2928","CR285194",0
"2929","CR285195",0
"2930","CR285196",0
"2931","CR285197",0
"2932","CR285198",0
"2933","CR285199",0
"2934","CR285200",0
"2935","CR285201",0
"2936","CR285202",0
"2937","CR285203",0
"2938","CR285204",0
"2939","CR285205",0
"2940","CR286190",0
"2941","CR286191",0
"2942","CR286192",0
"2943","CR286193",0
"2944","CR286194",0
"2945","CR286195",0
"2946","CR286196",0
"2947","CR286197",0
"2948","CR286198",0
"2949","CR286199",0
"2950","CR286200",0
"2951","CR286201",0
"2952","CR286202",0
"2953","CR286203",0
"2954","CR286204",0
"2955","CR287190",0
"2956","CR287191",0
"2957","CR287192",0
"2958","CR287193",0
"2959","CR287194",0
"2960","CR287195",0
"2961","CR287196",0
"2962","CR287197",0
"2963","CR287198",0
"2964","CR287199",0
"2965","CR287200",0
"2966","CR287201",0
"2967","CR287202",0
"2968","CR288191",0
"2969","CR288192",0
"2970","CR288193",0
"2971","CR288194",0
"2972","CR288195",0
"2973","CR288196",0
"2974","CR288197",0
"2975","CR288198",0
"2976","CR288199",0
"2977","CR288200",0
"2978","CR288201",0
"2979","CR289191",0
"2980","CR289192",0
"2981","CR289193",0
"2982","CR289194",0
"2983","CR289195",0
"2984","CR289196",0
"2985","CR289197",0
"2986","CR289198",0
"2987","CR289199",0
"2988","CR289200",0
"2989","CR290191",0
"2990","CR290192",0
"2991","CR290193",0
"2992","CR290194",0
"2993","CR290195",0
"2994","CR290196",0
"2995","CR290197",0
"2996","CR290198",0
"2997","CR290199",0
"2998","CR291194",0
"2999","CR291195",0
"3000","CR291196",0
"3001","CR291197",0
