"","ID","Y0"
"1","CR213194",0.5
"2","CR213195",0.5
"3","CR213196",NA
"4","CR213197",NA
"5","CR214192",0.5
"6","CR214193",0.5
"7","CR214194",0.5
"8","CR214195",0.5
"9","CR214196",NA
"10","CR214197",NA
"11","CR214198",NA
"12","CR214199",NA
"13","CR215191",0.5
"14","CR215192",0.5
"15","CR215193",0.5
"16","CR215194",0.5
"17","CR215195",0.5
"18","CR215196",NA
"19","CR215197",NA
"20","CR215198",NA
"21","CR215199",NA
"22","CR216190",0.5
"23","CR216191",0.5
"24","CR216192",0.5
"25","CR216193",0.5
"26","CR216194",0.5
"27","CR216195",0.5
"28","CR216196",NA
"29","CR216197",NA
"30","CR216198",NA
"31","CR216199",NA
"32","CR216200",NA
"33","CR217190",0.5
"34","CR217191",0.5
"35","CR217192",0.5
"36","CR217193",0.5
"37","CR217194",0.5
"38","CR217195",0.5
"39","CR217196",NA
"40","CR217197",NA
"41","CR217198",NA
"42","CR217199",NA
"43","CR217200",NA
"44","CR218189",0.5
"45","CR218190",0.5
"46","CR218191",0.5
"47","CR218192",0.5
"48","CR218193",0.5
"49","CR218194",0.5
"50","CR218195",NA
"51","CR218196",NA
"52","CR218197",NA
"53","CR218198",NA
"54","CR218199",NA
"55","CR218200",NA
"56","CR219189",0.5
"57","CR219190",0.5
"58","CR219191",0.5
"59","CR219192",0.5
"60","CR219193",0.5
"61","CR219194",0.5
"62","CR219195",NA
"63","CR219196",NA
"64","CR219197",NA
"65","CR219198",NA
"66","CR219199",NA
"67","CR219200",NA
"68","CR219201",NA
"69","CR219202",NA
"70","CR220180",NA
"71","CR220181",NA
"72","CR220189",0.5
"73","CR220190",0.5
"74","CR220191",0.5
"75","CR220192",0.5
"76","CR220193",0.5
"77","CR220194",0.5
"78","CR220195",NA
"79","CR220196",NA
"80","CR220197",NA
"81","CR220198",NA
"82","CR220199",NA
"83","CR220200",NA
"84","CR220201",NA
"85","CR220202",NA
"86","CR220203",NA
"87","CR221177",NA
"88","CR221178",NA
"89","CR221179",NA
"90","CR221180",NA
"91","CR221181",NA
"92","CR221182",NA
"93","CR221185",NA
"94","CR221186",0.5
"95","CR221187",0.5
"96","CR221188",0.5
"97","CR221189",0.5
"98","CR221190",0.5
"99","CR221191",0.5
"100","CR221192",0.5
"101","CR221193",0.5
"102","CR221194",0.5
"103","CR221195",0.75
"104","CR221196",0.749999940395355
"105","CR221197",0.75
"106","CR221198",0.749999940395355
"107","CR221199",NA
"108","CR221200",NA
"109","CR221201",NA
"110","CR221202",NA
"111","CR222177",NA
"112","CR222178",NA
"113","CR222179",NA
"114","CR222180",NA
"115","CR222181",NA
"116","CR222182",NA
"117","CR222183",NA
"118","CR222184",NA
"119","CR222185",0.5
"120","CR222186",0.5
"121","CR222187",0.5
"122","CR222188",0.5
"123","CR222189",0.5
"124","CR222190",0.5
"125","CR222191",0.5
"126","CR222192",0.5
"127","CR222193",0.5
"128","CR222194",0.75
"129","CR222195",0.749999940395355
"130","CR222196",0.749999940395355
"131","CR222197",0.750000059604645
"132","CR222198",0.750000059604645
"133","CR222199",NA
"134","CR222200",NA
"135","CR222201",2.85407519340515
"136","CR222202",NA
"137","CR223177",NA
"138","CR223178",NA
"139","CR223179",NA
"140","CR223180",NA
"141","CR223181",NA
"142","CR223182",NA
"143","CR223183",NA
"144","CR223184",NA
"145","CR223185",NA
"146","CR223186",0.5
"147","CR223187",0.5
"148","CR223188",0.5
"149","CR223189",0.5
"150","CR223190",0.5
"151","CR223191",0.5
"152","CR223192",0.5
"153","CR223193",0.5
"154","CR223194",NA
"155","CR223195",0.75
"156","CR223196",0.75
"157","CR223197",0.75
"158","CR223198",0.75
"159","CR223199",1.28320133686066
"160","CR223200",2.80390071868896
"161","CR223201",2.82634854316711
"162","CR223202",NA
"163","CR223203",NA
"164","CR224177",NA
"165","CR224178",NA
"166","CR224179",NA
"167","CR224180",NA
"168","CR224181",NA
"169","CR224182",NA
"170","CR224183",NA
"171","CR224184",NA
"172","CR224185",NA
"173","CR224186",0.5
"174","CR224187",0.5
"175","CR224188",0.5
"176","CR224189",0.5
"177","CR224190",0.5
"178","CR224191",0.5
"179","CR224192",0.5
"180","CR224193",0.5
"181","CR224194",NA
"182","CR224195",0.75
"183","CR224196",0.75
"184","CR224197",0.75
"185","CR224198",0.75
"186","CR224199",2.27824473381042
"187","CR224200",2.76197099685669
"188","CR224201",2.79762434959412
"189","CR224202",2.76408433914185
"190","CR225176",NA
"191","CR225177",NA
"192","CR225178",NA
"193","CR225179",NA
"194","CR225180",NA
"195","CR225181",NA
"196","CR225182",NA
"197","CR225183",NA
"198","CR225184",NA
"199","CR225185",0.5
"200","CR225186",0.5
"201","CR225187",0.5
"202","CR225188",0.5
"203","CR225189",0.5
"204","CR225190",0.5
"205","CR225191",NA
"206","CR225192",3
"207","CR225193",3
"208","CR225194",3
"209","CR225195",0.75
"210","CR225196",0.75
"211","CR225197",0.749999940395355
"212","CR225198",0.75
"213","CR225199",1.56287443637848
"214","CR225200",2.74560451507568
"215","CR225201",2.75212240219116
"216","CR225202",2.75484991073608
"217","CR226176",NA
"218","CR226177",NA
"219","CR226178",NA
"220","CR226179",NA
"221","CR226180",NA
"222","CR226181",NA
"223","CR226182",NA
"224","CR226183",NA
"225","CR226184",NA
"226","CR226185",0.5
"227","CR226186",0.5
"228","CR226187",0.5
"229","CR226188",0.5
"230","CR226189",0.5
"231","CR226190",0.5
"232","CR226191",NA
"233","CR226192",3
"234","CR226193",3
"235","CR226194",3
"236","CR226195",2.68624973297119
"237","CR226196",0.75
"238","CR226197",0.776919782161713
"239","CR226198",1.37282013893127
"240","CR226199",1.95531451702118
"241","CR226200",2.72451400756836
"242","CR226201",2.74356031417847
"243","CR227178",NA
"244","CR227179",NA
"245","CR227180",NA
"246","CR227181",NA
"247","CR227182",NA
"248","CR227183",NA
"249","CR227184",NA
"250","CR227185",0.5
"251","CR227186",0.5
"252","CR227187",0.5
"253","CR227188",0.5
"254","CR227189",0.5
"255","CR227190",NA
"256","CR227191",3
"257","CR227192",2.99999976158142
"258","CR227193",2.99999976158142
"259","CR227194",2.99999976158142
"260","CR227195",2.12655091285706
"261","CR227196",1.58410954475403
"262","CR227197",2.61094164848328
"263","CR227198",3
"264","CR227199",3
"265","CR227200",2.78736686706543
"266","CR227201",2.76822209358215
"267","CR228179",NA
"268","CR228180",NA
"269","CR228181",NA
"270","CR228182",NA
"271","CR228183",NA
"272","CR228184",0.5
"273","CR228185",0.5
"274","CR228186",0.5
"275","CR228187",0.5
"276","CR228188",NA
"277","CR228189",NA
"278","CR228190",NA
"279","CR228191",3
"280","CR228192",3
"281","CR228193",3
"282","CR228194",3
"283","CR228195",2.7817976474762
"284","CR228196",2.76875495910645
"285","CR228197",3
"286","CR228198",3
"287","CR228199",2.92367267608643
"288","CR228200",2.51658034324646
"289","CR229179",NA
"290","CR229180",NA
"291","CR229181",NA
"292","CR229182",NA
"293","CR229183",NA
"294","CR229184",NA
"295","CR229185",0.5
"296","CR229186",0.5
"297","CR229187",NA
"298","CR229188",NA
"299","CR229189",NA
"300","CR229190",NA
"301","CR229191",3
"302","CR229192",3
"303","CR229193",3
"304","CR229194",3
"305","CR229195",2.99999976158142
"306","CR229196",3
"307","CR229197",3
"308","CR229198",3
"309","CR229199",2.94138884544373
"310","CR229200",2.54294347763062
"311","CR230178",NA
"312","CR230179",NA
"313","CR230180",NA
"314","CR230181",NA
"315","CR230182",NA
"316","CR230183",NA
"317","CR230184",NA
"318","CR230185",0.5
"319","CR230186",0.5
"320","CR230187",NA
"321","CR230188",NA
"322","CR230189",NA
"323","CR230190",NA
"324","CR230191",NA
"325","CR230192",3
"326","CR230193",3
"327","CR230194",3
"328","CR230195",3
"329","CR230196",3.00000023841858
"330","CR230197",3
"331","CR230198",3
"332","CR230199",2.88442540168762
"333","CR230200",2.51709866523743
"334","CR230201",2.50596451759338
"335","CR230202",2.54799270629883
"336","CR230203",NA
"337","CR230204",NA
"338","CR231172",2.781818151474
"339","CR231173",2.78428626060486
"340","CR231178",NA
"341","CR231179",NA
"342","CR231180",NA
"343","CR231181",NA
"344","CR231182",NA
"345","CR231183",NA
"346","CR231184",NA
"347","CR231185",NA
"348","CR231186",NA
"349","CR231187",NA
"350","CR231188",NA
"351","CR231189",NA
"352","CR231190",NA
"353","CR231191",NA
"354","CR231192",3
"355","CR231193",3.00000023841858
"356","CR231194",3.00000023841858
"357","CR231195",2.99999976158142
"358","CR231196",3
"359","CR231197",3
"360","CR231198",2.99351668357849
"361","CR231199",2.53338408470154
"362","CR231200",2.52068138122559
"363","CR231201",2.50941109657288
"364","CR231202",2.53910827636719
"365","CR231203",NA
"366","CR231204",NA
"367","CR231205",NA
"368","CR232172",2.77264428138733
"369","CR232173",2.77476119995117
"370","CR232174",2.79119992256165
"371","CR232175",2.79117369651794
"372","CR232177",NA
"373","CR232178",NA
"374","CR232179",NA
"375","CR232180",NA
"376","CR232181",NA
"377","CR232182",NA
"378","CR232183",NA
"379","CR232184",NA
"380","CR232185",NA
"381","CR232186",NA
"382","CR232187",NA
"383","CR232188",NA
"384","CR232189",NA
"385","CR232190",NA
"386","CR232191",3
"387","CR232192",3
"388","CR232193",2.99999976158142
"389","CR232194",2.99999976158142
"390","CR232195",3
"391","CR232196",3
"392","CR232197",3
"393","CR232198",2.84971117973328
"394","CR232199",2.50935745239258
"395","CR232200",2.52496719360352
"396","CR232201",2.5158998966217
"397","CR232202",2.52814030647278
"398","CR232203",NA
"399","CR232204",NA
"400","CR232205",NA
"401","CR233173",2.7717080116272
"402","CR233174",2.77717328071594
"403","CR233175",2.77616000175476
"404","CR233176",2.86372709274292
"405","CR233177",NA
"406","CR233178",NA
"407","CR233179",NA
"408","CR233180",NA
"409","CR233181",NA
"410","CR233182",NA
"411","CR233183",NA
"412","CR233184",NA
"413","CR233185",NA
"414","CR233186",NA
"415","CR233187",NA
"416","CR233188",NA
"417","CR233189",NA
"418","CR233190",NA
"419","CR233191",3
"420","CR233192",3
"421","CR233193",3
"422","CR233194",3.00000023841858
"423","CR233195",3
"424","CR233196",2.97202754020691
"425","CR233197",2.78986191749573
"426","CR233198",2.51036214828491
"427","CR233199",2.52844715118408
"428","CR233200",2.56709432601929
"429","CR233201",2.52537083625793
"430","CR233202",2.50257611274719
"431","CR233203",2.39487838745117
"432","CR233204",2.29006505012512
"433","CR233205",2.15739989280701
"434","CR233206",NA
"435","CR234173",2.77957534790039
"436","CR234174",2.78522562980652
"437","CR234175",2.81108331680298
"438","CR234176",2.86060619354248
"439","CR234177",NA
"440","CR234178",NA
"441","CR234179",NA
"442","CR234180",NA
"443","CR234181",NA
"444","CR234182",NA
"445","CR234183",NA
"446","CR234184",NA
"447","CR234185",NA
"448","CR234186",NA
"449","CR234187",NA
"450","CR234188",NA
"451","CR234189",NA
"452","CR234190",3
"453","CR234191",3
"454","CR234192",3
"455","CR234193",3
"456","CR234194",2.86402940750122
"457","CR234195",2.66866755485535
"458","CR234196",2.56151151657104
"459","CR234197",2.50906324386597
"460","CR234198",2.51274657249451
"461","CR234199",2.55095410346985
"462","CR234200",2.82507991790771
"463","CR234201",2.81725883483887
"464","CR234202",NA
"465","CR234203",2.3274347782135
"466","CR234204",2.21531844139099
"467","CR234205",2.22582411766052
"468","CR234206",NA
"469","CR235172",2.78176236152649
"470","CR235173",2.78348779678345
"471","CR235174",2.77764010429382
"472","CR235175",2.80990219116211
"473","CR235176",2.85895276069641
"474","CR235177",2.85506725311279
"475","CR235178",2.85936832427979
"476","CR235179",2.85077404975891
"477","CR235180",2.84999990463257
"478","CR235181",NA
"479","CR235182",2.85000014305115
"480","CR235183",NA
"481","CR235184",NA
"482","CR235185",NA
"483","CR235186",NA
"484","CR235187",NA
"485","CR235188",NA
"486","CR235189",NA
"487","CR235190",3.00000023841858
"488","CR235191",2.99999976158142
"489","CR235192",2.99999976158142
"490","CR235193",2.79514575004578
"491","CR235194",2.65763330459595
"492","CR235195",2.58256697654724
"493","CR235196",2.61130523681641
"494","CR235197",2.53209280967712
"495","CR235198",2.61941480636597
"496","CR235199",2.64823341369629
"497","CR235200",2.82678651809692
"498","CR235201",2.82085776329041
"499","CR235202",NA
"500","CR235203",2.29004454612732
"501","CR235204",2.1735315322876
"502","CR235205",2.32861804962158
"503","CR235206",2.481285572052
"504","CR235207",2.48079824447632
"505","CR236172",2.78928828239441
"506","CR236173",2.77447104454041
"507","CR236174",2.76118636131287
"508","CR236175",2.7981698513031
"509","CR236176",2.85620856285095
"510","CR236177",2.85488820075989
"511","CR236178",2.85103106498718
"512","CR236179",2.85034847259521
"513","CR236180",2.85014033317566
"514","CR236181",2.85243344306946
"515","CR236182",2.85175013542175
"516","CR236183",2.85070323944092
"517","CR236184",NA
"518","CR236185",NA
"519","CR236186",NA
"520","CR236187",NA
"521","CR236188",NA
"522","CR236189",NA
"523","CR236190",NA
"524","CR236191",2.80317544937134
"525","CR236192",2.77837467193604
"526","CR236193",2.55483651161194
"527","CR236194",2.61861634254456
"528","CR236195",2.77202320098877
"529","CR236196",2.75475645065308
"530","CR236197",2.75677132606506
"531","CR236198",2.69318723678589
"532","CR236199",2.86242198944092
"533","CR236200",2.82374024391174
"534","CR236201",2.82203531265259
"535","CR236202",NA
"536","CR236203",2.17879390716553
"537","CR236204",2.31061220169067
"538","CR236205",2.50073170661926
"539","CR236206",2.58190393447876
"540","CR236207",2.86493682861328
"541","CR237172",2.78208184242249
"542","CR237173",2.7433865070343
"543","CR237174",2.74560928344727
"544","CR237175",2.82527780532837
"545","CR237176",2.85707020759583
"546","CR237177",2.85632395744324
"547","CR237178",2.85063099861145
"548","CR237179",2.85042023658752
"549","CR237180",2.8501410484314
"550","CR237181",2.85189390182495
"551","CR237182",2.85205173492432
"552","CR237183",2.85080313682556
"553","CR237184",NA
"554","CR237185",NA
"555","CR237186",NA
"556","CR237187",NA
"557","CR237188",NA
"558","CR237189",NA
"559","CR237190",2.55819272994995
"560","CR237191",2.53727126121521
"561","CR237192",2.57583737373352
"562","CR237193",2.57244539260864
"563","CR237194",2.62539863586426
"564","CR237195",2.78590703010559
"565","CR237196",2.66824412345886
"566","CR237197",2.50098776817322
"567","CR237198",2.64067125320435
"568","CR237199",2.86620402336121
"569","CR237200",2.83229899406433
"570","CR237201",2.9504828453064
"571","CR237202",2.71300315856934
"572","CR237203",2.4718337059021
"573","CR237204",2.51078176498413
"574","CR237205",2.67512845993042
"575","CR237206",2.97614359855652
"576","CR237207",3.03525114059448
"577","CR238172",2.73865294456482
"578","CR238173",2.7350754737854
"579","CR238174",2.73563933372498
"580","CR238175",2.78851222991943
"581","CR238176",2.85074162483215
"582","CR238177",2.85165429115295
"583","CR238178",2.85073089599609
"584","CR238179",2.85074186325073
"585","CR238180",NA
"586","CR238181",NA
"587","CR238182",NA
"588","CR238183",NA
"589","CR238184",NA
"590","CR238185",NA
"591","CR238186",1.76955485343933
"592","CR238187",1.77150976657867
"593","CR238188",1.76151049137115
"594","CR238189",2.12157654762268
"595","CR238190",2.58596205711365
"596","CR238191",2.56077885627747
"597","CR238192",2.55632710456848
"598","CR238193",2.6971492767334
"599","CR238194",2.59197902679443
"600","CR238195",2.71527028083801
"601","CR238196",2.67909860610962
"602","CR238197",2.6499490737915
"603","CR238198",2.66963934898376
"604","CR238199",2.96240782737732
"605","CR238200",2.96921968460083
"606","CR238201",2.94974946975708
"607","CR238202",2.94414329528809
"608","CR238203",2.50463247299194
"609","CR238204",2.96664786338806
"610","CR238205",3.069739818573
"611","CR238206",3.038818359375
"612","CR238207",3.03602600097656
"613","CR238208",3.05053234100342
"614","CR239170",2.76212501525879
"615","CR239171",2.73504328727722
"616","CR239172",2.73572516441345
"617","CR239173",2.73489856719971
"618","CR239174",2.73488879203796
"619","CR239175",2.74887084960938
"620","CR239176",2.778484582901
"621","CR239177",2.8539981842041
"622","CR239178",2.85143280029297
"623","CR239179",2.8531813621521
"624","CR239180",NA
"625","CR239181",NA
"626","CR239182",NA
"627","CR239183",NA
"628","CR239184",NA
"629","CR239185",1.76134169101715
"630","CR239186",1.76458394527435
"631","CR239187",1.76380515098572
"632","CR239188",1.77666294574738
"633","CR239189",2.23658466339111
"634","CR239190",2.53632569313049
"635","CR239191",2.56025338172913
"636","CR239192",2.5575795173645
"637","CR239193",2.73709297180176
"638","CR239194",2.74246907234192
"639","CR239195",2.73982501029968
"640","CR239196",2.70826029777527
"641","CR239197",2.7950005531311
"642","CR239198",2.74106168746948
"643","CR239199",2.95335412025452
"644","CR239200",2.97061681747437
"645","CR239201",2.96679997444153
"646","CR239202",2.96708369255066
"647","CR239203",2.55606269836426
"648","CR239204",2.86813688278198
"649","CR239205",3.08060002326965
"650","CR239206",3.05151414871216
"651","CR239207",3.03268146514893
"652","CR239208",3.00943207740784
"653","CR239211",2.98199987411499
"654","CR240170",2.76618623733521
"655","CR240171",2.75303506851196
"656","CR240172",2.7533118724823
"657","CR240173",2.75366592407227
"658","CR240174",2.7505202293396
"659","CR240175",2.75903630256653
"660","CR240176",2.76383137702942
"661","CR240177",2.85153985023499
"662","CR240178",2.85145711898804
"663","CR240179",NA
"664","CR240180",NA
"665","CR240181",NA
"666","CR240182",NA
"667","CR240183",NA
"668","CR240184",1.74974989891052
"669","CR240185",1.78129386901855
"670","CR240186",1.76583182811737
"671","CR240187",1.7583281993866
"672","CR240188",1.76984620094299
"673","CR240189",2.20870423316956
"674","CR240190",2.57213115692139
"675","CR240191",2.61840987205505
"676","CR240192",2.62195038795471
"677","CR240193",2.62934160232544
"678","CR240194",2.65535473823547
"679","CR240195",2.66394376754761
"680","CR240196",2.73173427581787
"681","CR240197",2.75392198562622
"682","CR240198",2.89047169685364
"683","CR240199",2.96143293380737
"684","CR240200",2.97040438652039
"685","CR240201",2.97758007049561
"686","CR240202",3.0038845539093
"687","CR240203",3.10009717941284
"688","CR240204",3.10204148292542
"689","CR240205",3.09737277030945
"690","CR240206",3.0552294254303
"691","CR240207",2.99230432510376
"692","CR240208",2.9709107875824
"693","CR240209",2.98893356323242
"694","CR240210",2.99228405952454
"695","CR240211",2.98576498031616
"696","CR240212",2.98209810256958
"697","CR240213",2.98268365859985
"698","CR241172",2.75616836547852
"699","CR241173",2.75564217567444
"700","CR241174",2.75555562973022
"701","CR241175",2.75555562973022
"702","CR241176",2.75700855255127
"703","CR241177",2.85159921646118
"704","CR241178",2.85582661628723
"705","CR241179",NA
"706","CR241180",NA
"707","CR241181",NA
"708","CR241182",NA
"709","CR241183",NA
"710","CR241184",NA
"711","CR241185",1.74974989891052
"712","CR241186",1.7589704990387
"713","CR241187",1.75834274291992
"714","CR241188",1.77093911170959
"715","CR241189",2.3734769821167
"716","CR241190",2.59947872161865
"717","CR241191",2.62680077552795
"718","CR241192",2.68937397003174
"719","CR241193",2.77890372276306
"720","CR241194",2.70102787017822
"721","CR241195",2.58562326431274
"722","CR241196",2.80758762359619
"723","CR241197",2.73907494544983
"724","CR241198",2.89172554016113
"725","CR241199",2.95950412750244
"726","CR241200",2.96345949172974
"727","CR241201",2.95737552642822
"728","CR241202",2.97410702705383
"729","CR241203",2.98711371421814
"730","CR241204",2.97307276725769
"731","CR241205",3.00648021697998
"732","CR241206",2.98031997680664
"733","CR241207",2.96833920478821
"734","CR241208",2.97201585769653
"735","CR241209",2.99100518226624
"736","CR241210",2.98533630371094
"737","CR241211",2.98326063156128
"738","CR241212",2.98281526565552
"739","CR241213",2.98278141021729
"740","CR242177",2.84999990463257
"741","CR242178",NA
"742","CR242179",NA
"743","CR242180",NA
"744","CR242181",NA
"745","CR242182",NA
"746","CR242183",NA
"747","CR242184",NA
"748","CR242185",1.32566046714783
"749","CR242186",1.31521201133728
"750","CR242187",1.61880242824554
"751","CR242188",1.74026620388031
"752","CR242189",2.57128214836121
"753","CR242190",2.5549681186676
"754","CR242191",2.55357694625854
"755","CR242192",2.65846014022827
"756","CR242193",2.65073156356812
"757","CR242194",2.714035987854
"758","CR242195",2.81861233711243
"759","CR242196",2.79892897605896
"760","CR242197",2.84072637557983
"761","CR242198",2.83672118186951
"762","CR242199",2.94700026512146
"763","CR242200",2.94545698165894
"764","CR242201",2.94519877433777
"765","CR242202",2.94406986236572
"766","CR242203",2.9471001625061
"767","CR242204",2.95300436019897
"768","CR242205",2.98690676689148
"769","CR242206",2.99433469772339
"770","CR242207",2.97196292877197
"771","CR242208",2.95789575576782
"772","CR242209",2.97675633430481
"773","CR242210",2.99140810966492
"774","CR242211",2.98094344139099
"775","CR242212",2.93786835670471
"776","CR242213",2.88670253753662
"777","CR243178",NA
"778","CR243179",NA
"779","CR243180",NA
"780","CR243181",NA
"781","CR243182",NA
"782","CR243183",NA
"783","CR243184",NA
"784","CR243185",1.30241692066193
"785","CR243186",1.3838871717453
"786","CR243187",1.35797309875488
"787","CR243188",1.43288588523865
"788","CR243189",2.25879240036011
"789","CR243190",2.66078901290894
"790","CR243191",2.7630558013916
"791","CR243192",2.83137154579163
"792","CR243193",2.82468366622925
"793","CR243194",2.7776346206665
"794","CR243195",2.72943043708801
"795","CR243196",2.71781229972839
"796","CR243197",2.7864773273468
"797","CR243198",2.9170458316803
"798","CR243199",2.96033191680908
"799","CR243200",2.94614768028259
"800","CR243201",2.94136905670166
"801","CR243202",2.94122171401978
"802","CR243203",2.93434071540833
"803","CR243204",2.94338440895081
"804","CR243205",2.98561596870422
"805","CR243206",2.96171474456787
"806","CR243207",2.96212315559387
"807","CR243208",2.95266699790955
"808","CR243209",2.97601890563965
"809","CR243210",2.98696660995483
"810","CR243211",2.90010118484497
"811","CR243212",2.8750102519989
"812","CR243213",2.92410159111023
"813","CR244177",NA
"814","CR244178",NA
"815","CR244179",NA
"816","CR244180",NA
"817","CR244181",NA
"818","CR244182",NA
"819","CR244183",NA
"820","CR244184",NA
"821","CR244185",1.29331386089325
"822","CR244186",1.29680383205414
"823","CR244187",1.28840255737305
"824","CR244188",1.30821263790131
"825","CR244189",1.59988045692444
"826","CR244190",2.61656165122986
"827","CR244191",2.55307602882385
"828","CR244192",2.85088300704956
"829","CR244193",2.80508255958557
"830","CR244194",2.80405592918396
"831","CR244195",2.81461954116821
"832","CR244196",2.84972238540649
"833","CR244197",2.96051692962646
"834","CR244198",3.02733397483826
"835","CR244199",3.03962278366089
"836","CR244200",2.99621844291687
"837","CR244201",2.9901659488678
"838","CR244202",2.96520686149597
"839","CR244203",2.9539098739624
"840","CR244204",2.94008755683899
"841","CR244205",2.94308257102966
"842","CR244206",2.94656300544739
"843","CR244207",2.95208954811096
"844","CR244208",2.95547842979431
"845","CR244209",2.97075319290161
"846","CR244210",2.98398017883301
"847","CR244211",2.87621903419495
"848","CR244212",2.89810180664062
"849","CR244213",2.97941565513611
"850","CR244214",2.98145508766174
"851","CR244215",2.98066186904907
"852","CR244220",2.29999995231628
"853","CR244221",2.30217909812927
"854","CR245177",NA
"855","CR245178",NA
"856","CR245179",NA
"857","CR245180",NA
"858","CR245181",NA
"859","CR245182",NA
"860","CR245183",NA
"861","CR245184",NA
"862","CR245185",NA
"863","CR245186",1.2882319688797
"864","CR245187",1.30628311634064
"865","CR245188",NA
"866","CR245189",NA
"867","CR245190",2.89860486984253
"868","CR245191",2.81873250007629
"869","CR245192",2.81552410125732
"870","CR245193",2.81291675567627
"871","CR245194",2.80647945404053
"872","CR245195",2.79450654983521
"873","CR245196",2.88247799873352
"874","CR245197",2.98695206642151
"875","CR245198",3.0783097743988
"876","CR245199",3.07230806350708
"877","CR245200",3.01037979125977
"878","CR245201",3.01725220680237
"879","CR245202",2.987952709198
"880","CR245203",2.96400737762451
"881","CR245204",2.97454261779785
"882","CR245205",2.95648646354675
"883","CR245206",2.94216918945312
"884","CR245207",2.94767308235168
"885","CR245208",2.95349526405334
"886","CR245209",2.95517206192017
"887","CR245210",2.97501707077026
"888","CR245211",2.92124032974243
"889","CR245212",2.95780539512634
"890","CR245213",2.98166513442993
"891","CR245214",2.9898145198822
"892","CR245215",2.9812912940979
"893","CR245216",2.72133541107178
"894","CR245217",2.31676363945007
"895","CR245218",2.3059229850769
"896","CR245219",2.30815196037292
"897","CR245220",2.30077242851257
"898","CR245221",2.29999995231628
"899","CR245222",2.30328297615051
"900","CR245223",2.31022191047668
"901","CR245224",2.30372428894043
"902","CR245225",2.30275678634644
"903","CR245241",1.43946170806885
"904","CR246177",NA
"905","CR246178",NA
"906","CR246179",NA
"907","CR246180",NA
"908","CR246181",NA
"909","CR246182",NA
"910","CR246183",NA
"911","CR246184",NA
"912","CR246185",1.27628576755524
"913","CR246186",1.27675926685333
"914","CR246187",NA
"915","CR246188",2.83042049407959
"916","CR246189",2.86802363395691
"917","CR246190",2.83541917800903
"918","CR246191",2.82466745376587
"919","CR246192",2.8034987449646
"920","CR246193",2.81907057762146
"921","CR246194",2.82958960533142
"922","CR246195",2.8078134059906
"923","CR246196",2.80450534820557
"924","CR246197",2.81591987609863
"925","CR246198",2.91042685508728
"926","CR246199",3.01905536651611
"927","CR246200",3.00488591194153
"928","CR246201",3.03181767463684
"929","CR246202",3.00309562683105
"930","CR246203",2.96029686927795
"931","CR246204",2.98105239868164
"932","CR246205",2.99973249435425
"933","CR246206",2.97161555290222
"934","CR246207",2.97482013702393
"935","CR246208",2.95898389816284
"936","CR246209",2.9390504360199
"937","CR246210",2.97239542007446
"938","CR246211",2.97362804412842
"939","CR246212",2.9428870677948
"940","CR246213",2.98316955566406
"941","CR246214",2.98271250724792
"942","CR246215",2.98333859443665
"943","CR246216",2.70373678207397
"944","CR246217",2.30211067199707
"945","CR246218",2.3037896156311
"946","CR246219",2.30331754684448
"947","CR246220",2.29454207420349
"948","CR246221",2.30406355857849
"949","CR246222",2.31327319145203
"950","CR246223",2.30878400802612
"951","CR246224",2.36441159248352
"952","CR246225",2.48894786834717
"953","CR246240",1.43946146965027
"954","CR246241",1.43918430805206
"955","CR247177",NA
"956","CR247178",NA
"957","CR247179",NA
"958","CR247180",NA
"959","CR247181",NA
"960","CR247182",NA
"961","CR247183",NA
"962","CR247184",NA
"963","CR247185",NA
"964","CR247186",NA
"965","CR247187",2.835036277771
"966","CR247188",2.83112096786499
"967","CR247189",2.89163589477539
"968","CR247190",2.81359577178955
"969","CR247191",2.80800557136536
"970","CR247192",2.81871914863586
"971","CR247193",2.82066583633423
"972","CR247194",2.80973410606384
"973","CR247195",2.81400156021118
"974","CR247196",2.81122779846191
"975","CR247197",2.80227899551392
"976","CR247198",2.81520104408264
"977","CR247199",2.89517998695374
"978","CR247200",3.00320839881897
"979","CR247201",3.00589513778687
"980","CR247202",2.999263048172
"981","CR247203",2.9728946685791
"982","CR247204",2.99633312225342
"983","CR247205",3.09658098220825
"984","CR247206",3.06275510787964
"985","CR247207",3.01006889343262
"986","CR247208",2.96538400650024
"987","CR247209",2.93604588508606
"988","CR247210",2.93564772605896
"989","CR247211",2.90299153327942
"990","CR247212",2.8542492389679
"991","CR247213",2.98161959648132
"992","CR247214",2.98891687393188
"993","CR247215",2.80288743972778
"994","CR247216",2.32146072387695
"995","CR247217",2.300208568573
"996","CR247218",2.30108618736267
"997","CR247219",2.29956650733948
"998","CR247220",2.17570090293884
"999","CR247221",2.27356171607971
"1000","CR247222",2.4667694568634
"1001","CR247223",2.41101741790771
"1002","CR247224",2.49460172653198
"1003","CR247225",2.50256872177124
"1004","CR247239",1.43946158885956
"1005","CR247240",1.43946170806885
"1006","CR247241",1.43946158885956
"1007","CR248176",NA
"1008","CR248177",NA
"1009","CR248178",NA
"1010","CR248179",NA
"1011","CR248180",NA
"1012","CR248181",NA
"1013","CR248182",NA
"1014","CR248183",NA
"1015","CR248184",NA
"1016","CR248185",NA
"1017","CR248186",2.71159648895264
"1018","CR248187",2.80030679702759
"1019","CR248188",2.82225918769836
"1020","CR248189",2.7922670841217
"1021","CR248190",2.80639958381653
"1022","CR248191",2.80690979957581
"1023","CR248192",2.82556247711182
"1024","CR248193",2.82713770866394
"1025","CR248194",2.82290005683899
"1026","CR248195",2.81999182701111
"1027","CR248196",2.809321641922
"1028","CR248197",2.79913187026978
"1029","CR248198",2.81417798995972
"1030","CR248199",2.8526713848114
"1031","CR248200",2.98635053634644
"1032","CR248201",2.96770358085632
"1033","CR248202",2.99779987335205
"1034","CR248203",2.98914575576782
"1035","CR248204",3.00482869148254
"1036","CR248205",3.08602738380432
"1037","CR248206",3.09435772895813
"1038","CR248207",3.09725952148438
"1039","CR248208",3.07689237594604
"1040","CR248209",2.9853081703186
"1041","CR248210",2.9499671459198
"1042","CR248211",2.82881689071655
"1043","CR248212",2.76779961585999
"1044","CR248213",2.8747718334198
"1045","CR248214",2.98945355415344
"1046","CR248215",2.59652948379517
"1047","CR248216",2.29999995231628
"1048","CR248217",2.29999995231628
"1049","CR248218",2.29999995231628
"1050","CR248219",2.23334360122681
"1051","CR248220",2.15221643447876
"1052","CR248221",2.1783971786499
"1053","CR248222",2.41717314720154
"1054","CR248223",2.50231266021729
"1055","CR248224",2.50118327140808
"1056","CR248225",2.48577380180359
"1057","CR248238",1.43946158885956
"1058","CR248239",1.43946158885956
"1059","CR248240",1.43936502933502
"1060","CR248241",1.44907903671265
"1061","CR248242",1.69460999965668
"1062","CR249176",2.49999976158142
"1063","CR249177",2.50000023841858
"1064","CR249178",NA
"1065","CR249179",NA
"1066","CR249180",NA
"1067","CR249181",NA
"1068","CR249182",NA
"1069","CR249183",NA
"1070","CR249184",NA
"1071","CR249185",2.74824070930481
"1072","CR249186",2.73067140579224
"1073","CR249187",2.76552867889404
"1074","CR249188",2.80016899108887
"1075","CR249189",2.79123187065125
"1076","CR249190",2.80454754829407
"1077","CR249191",2.81461477279663
"1078","CR249192",2.81421518325806
"1079","CR249193",2.81079864501953
"1080","CR249194",2.8121509552002
"1081","CR249195",2.81318092346191
"1082","CR249196",2.81197881698608
"1083","CR249197",2.79959797859192
"1084","CR249198",2.81363773345947
"1085","CR249199",2.84029078483582
"1086","CR249200",2.9784517288208
"1087","CR249201",2.95442247390747
"1088","CR249202",2.9570574760437
"1089","CR249203",3.0393271446228
"1090","CR249204",3.06462574005127
"1091","CR249205",3.0855815410614
"1092","CR249206",3.09058451652527
"1093","CR249207",3.09376502037048
"1094","CR249208",3.09449338912964
"1095","CR249209",3.07943844795227
"1096","CR249210",2.86589407920837
"1097","CR249211",2.76798319816589
"1098","CR249212",2.76806163787842
"1099","CR249213",2.86696767807007
"1100","CR249214",2.97014355659485
"1101","CR249215",2.72924971580505
"1102","CR249216",2.29999995231628
"1103","CR249217",2.3000693321228
"1104","CR249218",2.29717969894409
"1105","CR249219",2.2088623046875
"1106","CR249220",2.15101671218872
"1107","CR249221",2.15192484855652
"1108","CR249222",2.25133633613586
"1109","CR249223",2.48930907249451
"1110","CR249224",2.46684050559998
"1111","CR249225",2.45858478546143
"1112","CR249226",2.45838451385498
"1113","CR249227",2.46103644371033
"1114","CR249237",1.44833171367645
"1115","CR249238",1.4640064239502
"1116","CR249239",1.43946158885956
"1117","CR249240",1.43946158885956
"1118","CR249241",1.52980542182922
"1119","CR249242",1.69515383243561
"1120","CR249243",1.69515383243561
"1121","CR250175",2.5
"1122","CR250176",2.5
"1123","CR250177",2.50254654884338
"1124","CR250178",2.68551754951477
"1125","CR250179",2.70531725883484
"1126","CR250180",2.70617508888245
"1127","CR250181",2.71310257911682
"1128","CR250182",2.71662902832031
"1129","CR250183",2.73835921287537
"1130","CR250184",2.75264239311218
"1131","CR250185",2.75316381454468
"1132","CR250186",2.73356294631958
"1133","CR250187",2.77018666267395
"1134","CR250188",2.80243682861328
"1135","CR250189",2.80565071105957
"1136","CR250190",2.7407009601593
"1137","CR250191",2.63720536231995
"1138","CR250192",2.76886034011841
"1139","CR250193",2.6612274646759
"1140","CR250194",2.65138506889343
"1141","CR250195",2.63650131225586
"1142","CR250196",2.76013326644897
"1143","CR250197",2.58863663673401
"1144","CR250198",2.6005961894989
"1145","CR250199",2.81242918968201
"1146","CR250200",2.96352028846741
"1147","CR250201",2.94220900535583
"1148","CR250202",2.97369694709778
"1149","CR250203",3.043208360672
"1150","CR250204",3.03321242332458
"1151","CR250205",3.03441691398621
"1152","CR250206",3.04872632026672
"1153","CR250207",3.07760119438171
"1154","CR250208",3.0597357749939
"1155","CR250209",2.96926879882812
"1156","CR250210",2.77980470657349
"1157","CR250211",2.85478115081787
"1158","CR250212",2.91241645812988
"1159","CR250213",2.83095502853394
"1160","CR250214",2.76699161529541
"1161","CR250215",2.83585286140442
"1162","CR250216",2.51994323730469
"1163","CR250217",2.59271287918091
"1164","CR250218",2.68518114089966
"1165","CR250219",2.51402258872986
"1166","CR250220",2.34425044059753
"1167","CR250221",2.28731203079224
"1168","CR250222",2.27062010765076
"1169","CR250223",2.43770003318787
"1170","CR250224",2.45825147628784
"1171","CR250225",2.45838451385498
"1172","CR250226",2.45838451385498
"1173","CR250227",2.46296191215515
"1174","CR250228",2.47037672996521
"1175","CR250236",1.49355924129486
"1176","CR250237",1.54714298248291
"1177","CR250238",1.76851391792297
"1178","CR250239",1.57265949249268
"1179","CR250240",1.54580187797546
"1180","CR250241",1.70042407512665
"1181","CR250242",1.69390857219696
"1182","CR250243",1.69036376476288
"1183","CR251176",2.5
"1184","CR251177",2.5
"1185","CR251178",2.5
"1186","CR251179",2.50899982452393
"1187","CR251180",2.687087059021
"1188","CR251181",2.70538854598999
"1189","CR251182",2.72323393821716
"1190","CR251183",2.73579931259155
"1191","CR251184",2.75335097312927
"1192","CR251185",2.75778031349182
"1193","CR251186",2.75357174873352
"1194","CR251187",2.74079608917236
"1195","CR251188",2.75084757804871
"1196","CR251189",2.75551986694336
"1197","CR251190",2.63028216362
"1198","CR251191",2.64999556541443
"1199","CR251192",2.58758997917175
"1200","CR251193",2.49471068382263
"1201","CR251194",2.47844767570496
"1202","CR251195",2.43786001205444
"1203","CR251196",2.50997567176819
"1204","CR251197",2.41297078132629
"1205","CR251198",2.37885022163391
"1206","CR251199",2.51081275939941
"1207","CR251200",2.93326258659363
"1208","CR251201",2.94639730453491
"1209","CR251202",3.01535320281982
"1210","CR251203",3.04079985618591
"1211","CR251204",3.04888200759888
"1212","CR251205",3.04708194732666
"1213","CR251206",3.05479764938354
"1214","CR251207",3.0165855884552
"1215","CR251208",2.91636443138123
"1216","CR251209",2.79362058639526
"1217","CR251210",2.78445672988892
"1218","CR251211",2.97883987426758
"1219","CR251212",2.93011713027954
"1220","CR251213",2.91679239273071
"1221","CR251214",2.88173413276672
"1222","CR251215",2.90705180168152
"1223","CR251216",2.7934353351593
"1224","CR251217",2.77810120582581
"1225","CR251218",2.77790451049805
"1226","CR251219",2.68723273277283
"1227","CR251220",2.47436690330505
"1228","CR251221",2.45409607887268
"1229","CR251222",2.4546058177948
"1230","CR251223",2.45554828643799
"1231","CR251224",2.45838451385498
"1232","CR251225",2.45838451385498
"1233","CR251226",2.45836687088013
"1234","CR251227",2.46283841133118
"1235","CR251228",2.46989989280701
"1236","CR251231",2.87176918983459
"1237","CR251232",2.87176918983459
"1238","CR251236",1.60064566135406
"1239","CR251237",1.52530014514923
"1240","CR251238",1.73010790348053
"1241","CR251239",1.9361355304718
"1242","CR251240",1.877769947052
"1243","CR251241",1.71845293045044
"1244","CR251242",1.68339383602142
"1245","CR251243",1.67761540412903
"1246","CR252176",NA
"1247","CR252177",2.5
"1248","CR252178",2.49999976158142
"1249","CR252179",2.5
"1250","CR252180",2.54431200027466
"1251","CR252181",2.60584807395935
"1252","CR252182",2.69225192070007
"1253","CR252183",2.73876190185547
"1254","CR252184",2.75552821159363
"1255","CR252185",2.75694608688354
"1256","CR252186",2.73715591430664
"1257","CR252187",2.62436175346375
"1258","CR252188",2.5994188785553
"1259","CR252189",2.63829159736633
"1260","CR252190",2.49290251731873
"1261","CR252191",2.58551502227783
"1262","CR252192",2.61849975585938
"1263","CR252193",2.49502277374268
"1264","CR252194",2.5435893535614
"1265","CR252195",2.59558582305908
"1266","CR252196",2.48946475982666
"1267","CR252197",2.46265602111816
"1268","CR252198",2.43397855758667
"1269","CR252199",2.42280578613281
"1270","CR252200",2.96778845787048
"1271","CR252201",2.9752299785614
"1272","CR252202",3.04435753822327
"1273","CR252203",3.03984045982361
"1274","CR252204",3.05236554145813
"1275","CR252205",3.01456689834595
"1276","CR252206",2.85864734649658
"1277","CR252207",2.78612685203552
"1278","CR252208",2.78844857215881
"1279","CR252209",2.76449060440063
"1280","CR252210",2.90865254402161
"1281","CR252211",3.00039553642273
"1282","CR252212",2.9883451461792
"1283","CR252213",2.96687912940979
"1284","CR252214",2.91763734817505
"1285","CR252215",2.91623258590698
"1286","CR252216",2.80429029464722
"1287","CR252217",2.77839732170105
"1288","CR252218",2.7780773639679
"1289","CR252219",2.77785730361938
"1290","CR252220",2.52724385261536
"1291","CR252221",2.45761775970459
"1292","CR252222",2.46370244026184
"1293","CR252223",2.45626544952393
"1294","CR252224",2.45921087265015
"1295","CR252225",2.46514320373535
"1296","CR252226",2.46647596359253
"1297","CR252227",2.47028970718384
"1298","CR252228",2.47738170623779
"1299","CR252229",2.65157842636108
"1300","CR252230",2.66556620597839
"1301","CR252231",2.86069655418396
"1302","CR252232",2.84164500236511
"1303","CR252235",1.71126985549927
"1304","CR252236",1.67164766788483
"1305","CR252237",1.60371267795563
"1306","CR252238",1.87922072410583
"1307","CR252239",1.9919273853302
"1308","CR252240",1.91083562374115
"1309","CR252241",1.69579172134399
"1310","CR252242",1.68469536304474
"1311","CR252243",1.67761528491974
"1312","CR252244",1.67761540412903
"1313","CR253176",NA
"1314","CR253177",NA
"1315","CR253178",2.49999976158142
"1316","CR253179",2.5
"1317","CR253180",2.5
"1318","CR253181",2.5
"1319","CR253182",2.50985407829285
"1320","CR253183",2.73512387275696
"1321","CR253184",2.75610113143921
"1322","CR253185",2.74568843841553
"1323","CR253186",2.64586663246155
"1324","CR253187",2.45942544937134
"1325","CR253188",2.32410478591919
"1326","CR253189",2.38259720802307
"1327","CR253190",2.48500204086304
"1328","CR253191",2.70878887176514
"1329","CR253192",2.57429623603821
"1330","CR253193",2.42389464378357
"1331","CR253194",2.39976739883423
"1332","CR253195",2.45265674591064
"1333","CR253196",2.45463109016418
"1334","CR253197",2.43263006210327
"1335","CR253198",2.47598648071289
"1336","CR253199",2.48077082633972
"1337","CR253200",2.98360729217529
"1338","CR253201",2.99281597137451
"1339","CR253202",3.05530643463135
"1340","CR253203",3.05674600601196
"1341","CR253204",3.03076004981995
"1342","CR253205",2.88460421562195
"1343","CR253206",2.81187152862549
"1344","CR253207",2.78823566436768
"1345","CR253208",2.77239799499512
"1346","CR253209",2.76555442810059
"1347","CR253210",2.95708465576172
"1348","CR253211",2.99365925788879
"1349","CR253212",2.98637127876282
"1350","CR253213",2.98612976074219
"1351","CR253214",2.91510534286499
"1352","CR253215",2.8599636554718
"1353","CR253216",2.83160614967346
"1354","CR253217",2.78116989135742
"1355","CR253218",2.77914571762085
"1356","CR253219",2.74715805053711
"1357","CR253220",2.59465742111206
"1358","CR253221",2.49238657951355
"1359","CR253222",2.49461650848389
"1360","CR253223",2.46954941749573
"1361","CR253224",2.44305562973022
"1362","CR253225",2.46092343330383
"1363","CR253226",2.46445178985596
"1364","CR253227",2.47552609443665
"1365","CR253228",2.52565836906433
"1366","CR253229",2.61175346374512
"1367","CR253230",2.71898317337036
"1368","CR253231",2.89724588394165
"1369","CR253232",2.55142259597778
"1370","CR253233",2.29381585121155
"1371","CR253234",1.80471432209015
"1372","CR253235",1.76797413825989
"1373","CR253236",1.86697018146515
"1374","CR253237",1.93175995349884
"1375","CR253238",2.08811902999878
"1376","CR253239",2.00057458877563
"1377","CR253240",1.97535645961761
"1378","CR253241",1.90858054161072
"1379","CR253242",1.70030641555786
"1380","CR253243",1.68990504741669
"1381","CR253244",1.81408655643463
"1382","CR253245",1.97884631156921
"1383","CR254176",NA
"1384","CR254177",NA
"1385","CR254178",2.50000023841858
"1386","CR254179",2.5
"1387","CR254180",2.5
"1388","CR254181",2.5
"1389","CR254182",2.5
"1390","CR254183",2.50931215286255
"1391","CR254184",2.63274574279785
"1392","CR254185",2.66110014915466
"1393","CR254186",2.59232425689697
"1394","CR254187",2.37604665756226
"1395","CR254188",2.392245054245
"1396","CR254189",2.43065857887268
"1397","CR254190",2.44990921020508
"1398","CR254191",2.67332339286804
"1399","CR254192",2.53244233131409
"1400","CR254193",2.46622228622437
"1401","CR254194",2.47593998908997
"1402","CR254195",2.48080682754517
"1403","CR254196",2.46179485321045
"1404","CR254197",2.46431827545166
"1405","CR254198",2.43977189064026
"1406","CR254199",2.49826169013977
"1407","CR254200",2.92741799354553
"1408","CR254201",3.03390073776245
"1409","CR254202",2.96850442886353
"1410","CR254203",3.00995397567749
"1411","CR254204",3.00191712379456
"1412","CR254205",2.86837291717529
"1413","CR254206",2.81467938423157
"1414","CR254207",2.77726817131042
"1415","CR254208",2.85438346862793
"1416","CR254209",2.95997190475464
"1417","CR254210",2.99808287620544
"1418","CR254211",2.96524310112
"1419","CR254212",2.9832592010498
"1420","CR254213",2.98591589927673
"1421","CR254214",2.90907883644104
"1422","CR254215",2.8819591999054
"1423","CR254216",2.88476324081421
"1424","CR254217",2.8309018611908
"1425","CR254218",2.82452130317688
"1426","CR254219",2.60548067092896
"1427","CR254220",2.50230431556702
"1428","CR254221",2.49368238449097
"1429","CR254222",2.49415802955627
"1430","CR254223",2.49467206001282
"1431","CR254224",2.42859506607056
"1432","CR254225",2.41407465934753
"1433","CR254226",2.40143966674805
"1434","CR254227",2.46477508544922
"1435","CR254228",2.5332932472229
"1436","CR254229",2.72702598571777
"1437","CR254230",2.93002223968506
"1438","CR254231",2.94942355155945
"1439","CR254232",2.59286522865295
"1440","CR254233",2.35124707221985
"1441","CR254234",2.07714748382568
"1442","CR254235",1.93494462966919
"1443","CR254236",2.09747767448425
"1444","CR254237",2.13435363769531
"1445","CR254238",2.14430475234985
"1446","CR254239",2.10447859764099
"1447","CR254240",2.06970810890198
"1448","CR254241",1.9190548658371
"1449","CR254242",1.75018417835236
"1450","CR254243",1.72807741165161
"1451","CR254244",1.78924834728241
"1452","CR254245",1.97827231884003
"1453","CR254246",1.91332590579987
"1454","CR254247",1.80471432209015
"1455","CR254248",1.80471432209015
"1456","CR255175",NA
"1457","CR255176",NA
"1458","CR255177",NA
"1459","CR255178",NA
"1460","CR255179",NA
"1461","CR255180",2.5
"1462","CR255181",2.5
"1463","CR255182",2.5
"1464","CR255183",2.5
"1465","CR255184",2.5
"1466","CR255185",2.5
"1467","CR255186",2.40031099319458
"1468","CR255187",2.30441737174988
"1469","CR255188",2.38845705986023
"1470","CR255189",2.43319439888
"1471","CR255190",2.45606637001038
"1472","CR255191",2.50103735923767
"1473","CR255192",2.51549005508423
"1474","CR255193",2.51667284965515
"1475","CR255194",2.52292633056641
"1476","CR255195",2.48817420005798
"1477","CR255196",2.47602868080139
"1478","CR255197",2.46568608283997
"1479","CR255198",2.43310761451721
"1480","CR255199",2.45937132835388
"1481","CR255200",2.86492538452148
"1482","CR255201",2.89218330383301
"1483","CR255202",2.86439824104309
"1484","CR255203",2.89685440063477
"1485","CR255204",2.9743447303772
"1486","CR255205",3.0106155872345
"1487","CR255206",2.96985292434692
"1488","CR255207",2.97471594810486
"1489","CR255208",2.99593806266785
"1490","CR255209",2.9957869052887
"1491","CR255210",2.98542857170105
"1492","CR255211",2.81007838249207
"1493","CR255212",2.92046642303467
"1494","CR255213",2.91746091842651
"1495","CR255214",2.93809819221497
"1496","CR255215",2.92454409599304
"1497","CR255216",2.92489433288574
"1498","CR255217",2.91134333610535
"1499","CR255218",2.85718417167664
"1500","CR255219",2.6971230506897
"1501","CR255220",2.49667358398438
"1502","CR255221",2.49516248703003
"1503","CR255222",2.49418878555298
"1504","CR255223",2.49405455589294
"1505","CR255224",2.44524765014648
"1506","CR255225",2.41253232955933
"1507","CR255226",2.39452290534973
"1508","CR255227",2.43317794799805
"1509","CR255228",2.539475440979
"1510","CR255229",2.87383103370667
"1511","CR255230",2.89128375053406
"1512","CR255231",2.86157584190369
"1513","CR255232",2.62105798721313
"1514","CR255233",2.52505254745483
"1515","CR255234",2.35103416442871
"1516","CR255235",2.14163136482239
"1517","CR255236",2.16388821601868
"1518","CR255237",2.29955768585205
"1519","CR255238",2.20131087303162
"1520","CR255239",2.11177706718445
"1521","CR255240",2.10313725471497
"1522","CR255241",1.93032312393188
"1523","CR255242",1.73771023750305
"1524","CR255243",1.71848249435425
"1525","CR255244",1.73481070995331
"1526","CR255245",1.91426229476929
"1527","CR255246",1.80471432209015
"1528","CR255247",1.80471444129944
"1529","CR256173",NA
"1530","CR256174",NA
"1531","CR256175",NA
"1532","CR256176",NA
"1533","CR256177",NA
"1534","CR256178",NA
"1535","CR256179",NA
"1536","CR256180",NA
"1537","CR256181",NA
"1538","CR256182",2.5
"1539","CR256183",2.5
"1540","CR256184",2.5
"1541","CR256185",2.5
"1542","CR256186",2.36733055114746
"1543","CR256187",2.28850555419922
"1544","CR256188",2.4189248085022
"1545","CR256189",2.53101825714111
"1546","CR256190",2.55242538452148
"1547","CR256191",2.54447388648987
"1548","CR256192",2.51862573623657
"1549","CR256193",2.55546498298645
"1550","CR256194",2.54438519477844
"1551","CR256195",2.49189925193787
"1552","CR256196",2.45531535148621
"1553","CR256197",2.51147603988647
"1554","CR256198",2.50932884216309
"1555","CR256199",2.50383019447327
"1556","CR256200",2.78701114654541
"1557","CR256201",2.87725472450256
"1558","CR256202",2.87684607505798
"1559","CR256203",2.9005970954895
"1560","CR256204",2.92230677604675
"1561","CR256205",2.98710107803345
"1562","CR256206",2.97025108337402
"1563","CR256207",2.98978877067566
"1564","CR256208",2.99561452865601
"1565","CR256209",2.99884390830994
"1566","CR256210",2.9346809387207
"1567","CR256211",2.74794244766235
"1568","CR256212",2.75164866447449
"1569","CR256213",2.61764168739319
"1570","CR256214",2.89855360984802
"1571","CR256215",2.92457365989685
"1572","CR256216",2.92468595504761
"1573","CR256217",2.9246997833252
"1574","CR256218",2.89313721656799
"1575","CR256219",2.58656883239746
"1576","CR256220",2.27028155326843
"1577","CR256221",2.43362498283386
"1578","CR256222",2.50119853019714
"1579","CR256223",2.49355792999268
"1580","CR256224",2.4398365020752
"1581","CR256225",2.40892457962036
"1582","CR256226",2.40630793571472
"1583","CR256227",2.53305172920227
"1584","CR256228",2.79996681213379
"1585","CR256229",2.87902760505676
"1586","CR256230",2.80815982818604
"1587","CR256231",2.79831027984619
"1588","CR256232",2.71192646026611
"1589","CR256233",2.63742327690125
"1590","CR256234",2.57054615020752
"1591","CR256235",2.30859756469727
"1592","CR256236",2.2841854095459
"1593","CR256237",2.39076924324036
"1594","CR256238",2.19674324989319
"1595","CR256239",2.06788754463196
"1596","CR256240",2.067702293396
"1597","CR256241",1.94664454460144
"1598","CR256242",1.71688580513
"1599","CR256243",1.71660554409027
"1600","CR256244",1.73980903625488
"1601","CR256245",1.81030869483948
"1602","CR256246",1.80471444129944
"1603","CR257172",NA
"1604","CR257173",NA
"1605","CR257174",NA
"1606","CR257175",NA
"1607","CR257176",NA
"1608","CR257177",NA
"1609","CR257178",NA
"1610","CR257179",NA
"1611","CR257180",NA
"1612","CR257181",NA
"1613","CR257182",NA
"1614","CR257183",2.5
"1615","CR257184",2.5
"1616","CR257185",2.49925923347473
"1617","CR257186",2.34129190444946
"1618","CR257187",2.31251096725464
"1619","CR257188",2.45882129669189
"1620","CR257189",2.67963862419128
"1621","CR257190",2.53943681716919
"1622","CR257191",2.52298593521118
"1623","CR257192",2.540372133255
"1624","CR257193",2.55982542037964
"1625","CR257194",2.56136202812195
"1626","CR257195",2.50501132011414
"1627","CR257196",2.51309275627136
"1628","CR257197",2.50527691841125
"1629","CR257198",2.52306437492371
"1630","CR257199",2.5550684928894
"1631","CR257200",2.71816515922546
"1632","CR257201",2.87495565414429
"1633","CR257202",2.85207653045654
"1634","CR257203",2.85721564292908
"1635","CR257204",2.87997508049011
"1636","CR257205",2.86487913131714
"1637","CR257206",2.86430287361145
"1638","CR257207",2.8915114402771
"1639","CR257208",2.96502256393433
"1640","CR257209",2.89706993103027
"1641","CR257210",2.80782723426819
"1642","CR257211",2.7234263420105
"1643","CR257212",2.63381695747375
"1644","CR257213",2.57989072799683
"1645","CR257214",2.83990406990051
"1646","CR257215",2.92453861236572
"1647","CR257216",2.92453861236572
"1648","CR257217",2.92038440704346
"1649","CR257218",2.7045271396637
"1650","CR257219",2.4278404712677
"1651","CR257220",2.1542911529541
"1652","CR257221",2.16720080375671
"1653","CR257222",2.52797317504883
"1654","CR257223",2.48992705345154
"1655","CR257224",2.39924287796021
"1656","CR257225",2.40853834152222
"1657","CR257226",2.48655819892883
"1658","CR257227",2.61047673225403
"1659","CR257228",2.82650470733643
"1660","CR257229",2.92203187942505
"1661","CR257230",2.7978503704071
"1662","CR257231",2.79899621009827
"1663","CR257232",2.8002986907959
"1664","CR257233",2.69783306121826
"1665","CR257234",2.48301792144775
"1666","CR257235",2.35058903694153
"1667","CR257236",2.39295387268066
"1668","CR257237",2.37731623649597
"1669","CR257238",2.23041272163391
"1670","CR257239",2.00345277786255
"1671","CR257240",1.87586390972137
"1672","CR257241",1.87139129638672
"1673","CR257242",1.69847273826599
"1674","CR257243",1.69855773448944
"1675","CR257244",1.80471444129944
"1676","CR258172",NA
"1677","CR258173",NA
"1678","CR258174",NA
"1679","CR258175",NA
"1680","CR258176",NA
"1681","CR258177",NA
"1682","CR258178",NA
"1683","CR258179",NA
"1684","CR258180",NA
"1685","CR258181",NA
"1686","CR258182",NA
"1687","CR258183",NA
"1688","CR258184",NA
"1689","CR258185",NA
"1690","CR258186",2.41794013977051
"1691","CR258187",2.35892271995544
"1692","CR258188",2.35492277145386
"1693","CR258189",2.61365914344788
"1694","CR258190",2.61277294158936
"1695","CR258191",2.52439737319946
"1696","CR258192",2.4579713344574
"1697","CR258193",2.00974416732788
"1698","CR258194",2.32409048080444
"1699","CR258195",2.51715922355652
"1700","CR258196",2.5027322769165
"1701","CR258197",2.54519486427307
"1702","CR258198",2.57148909568787
"1703","CR258199",2.59871506690979
"1704","CR258200",2.7917332649231
"1705","CR258201",2.86149597167969
"1706","CR258202",2.89914846420288
"1707","CR258203",2.85920381546021
"1708","CR258204",2.85356068611145
"1709","CR258205",2.85853242874146
"1710","CR258206",2.84874796867371
"1711","CR258207",2.80551981925964
"1712","CR258208",2.75581216812134
"1713","CR258209",2.74789667129517
"1714","CR258210",2.7373514175415
"1715","CR258211",2.65581560134888
"1716","CR258212",2.64572668075562
"1717","CR258213",2.62546586990356
"1718","CR258214",2.81488537788391
"1719","CR258215",2.9243323802948
"1720","CR258216",2.9245400428772
"1721","CR258217",2.80241346359253
"1722","CR258218",2.52644276618958
"1723","CR258219",2.34424114227295
"1724","CR258220",2.16779494285583
"1725","CR258221",2.35643839836121
"1726","CR258222",2.88283658027649
"1727","CR258223",2.59814119338989
"1728","CR258224",2.28855681419373
"1729","CR258225",2.40951824188232
"1730","CR258226",2.52750945091248
"1731","CR258227",2.70454955101013
"1732","CR258228",2.81165409088135
"1733","CR258229",2.932697057724
"1734","CR258230",2.903315782547
"1735","CR258231",2.83765053749084
"1736","CR258232",2.8042414188385
"1737","CR258233",2.79587459564209
"1738","CR258234",2.44996404647827
"1739","CR258235",2.3820219039917
"1740","CR258236",2.37521862983704
"1741","CR258237",2.31833982467651
"1742","CR258238",2.25899767875671
"1743","CR258239",1.84813714027405
"1744","CR258240",1.51180267333984
"1745","CR258241",1.68707525730133
"1746","CR258242",1.67930388450623
"1747","CR258243",2.38140416145325
"1748","CR258244",1.80565643310547
"1749","CR259175",NA
"1750","CR259176",NA
"1751","CR259177",NA
"1752","CR259178",NA
"1753","CR259179",NA
"1754","CR259180",NA
"1755","CR259181",NA
"1756","CR259182",NA
"1757","CR259183",NA
"1758","CR259184",NA
"1759","CR259185",NA
"1760","CR259186",NA
"1761","CR259187",2.36587524414062
"1762","CR259188",2.32226371765137
"1763","CR259189",2.3831992149353
"1764","CR259190",2.44087839126587
"1765","CR259191",2.05097341537476
"1766","CR259192",1.68573582172394
"1767","CR259193",0.193000003695488
"1768","CR259194",0.609145820140839
"1769","CR259195",2.38522434234619
"1770","CR259196",2.56048011779785
"1771","CR259197",2.66866374015808
"1772","CR259198",2.8478147983551
"1773","CR259199",2.86628365516663
"1774","CR259200",2.85983419418335
"1775","CR259201",2.87177777290344
"1776","CR259202",2.82896709442139
"1777","CR259203",2.77770900726318
"1778","CR259204",2.75706219673157
"1779","CR259205",2.73350143432617
"1780","CR259206",2.73541712760925
"1781","CR259207",2.74289011955261
"1782","CR259208",2.73238968849182
"1783","CR259209",2.70779299736023
"1784","CR259210",2.69660115242004
"1785","CR259211",2.65242958068848
"1786","CR259212",2.6521475315094
"1787","CR259213",2.65976977348328
"1788","CR259214",2.66731548309326
"1789","CR259215",2.79622411727905
"1790","CR259216",2.91869139671326
"1791","CR259217",2.7057728767395
"1792","CR259218",2.52652907371521
"1793","CR259219",2.5746750831604
"1794","CR259220",2.60510802268982
"1795","CR259221",2.22109293937683
"1796","CR259222",2.56862711906433
"1797","CR259223",2.47787618637085
"1798","CR259224",2.17736649513245
"1799","CR259225",2.41965985298157
"1800","CR259226",2.4976372718811
"1801","CR259227",2.50746130943298
"1802","CR259228",2.63778710365295
"1803","CR259229",2.96989226341248
"1804","CR259230",2.95541191101074
"1805","CR259231",2.86674046516418
"1806","CR259232",2.78874349594116
"1807","CR259233",2.88346195220947
"1808","CR259234",2.53706431388855
"1809","CR259235",2.39060926437378
"1810","CR259236",2.3942563533783
"1811","CR259237",2.3541362285614
"1812","CR259238",2.29763007164001
"1813","CR259239",2.03464317321777
"1814","CR259240",1.76433026790619
"1815","CR259241",1.89007341861725
"1816","CR259242",2.40988874435425
"1817","CR259243",2.40988874435425
"1818","CR260176",NA
"1819","CR260177",NA
"1820","CR260178",NA
"1821","CR260179",NA
"1822","CR260180",NA
"1823","CR260181",NA
"1824","CR260182",NA
"1825","CR260183",NA
"1826","CR260184",NA
"1827","CR260185",NA
"1828","CR260186",NA
"1829","CR260187",2.43602061271667
"1830","CR260188",2.37617230415344
"1831","CR260189",2.36377835273743
"1832","CR260190",NA
"1833","CR260191",1.70491707324982
"1834","CR260192",1.39558970928192
"1835","CR260193",0.193000018596649
"1836","CR260194",0.215219274163246
"1837","CR260195",2.04234910011292
"1838","CR260196",2.67630743980408
"1839","CR260197",2.7445764541626
"1840","CR260198",2.84223341941833
"1841","CR260199",2.82132530212402
"1842","CR260200",2.77016162872314
"1843","CR260201",2.69129872322083
"1844","CR260202",2.66334652900696
"1845","CR260203",2.65149068832397
"1846","CR260204",2.65473771095276
"1847","CR260205",2.64953756332397
"1848","CR260206",2.68358373641968
"1849","CR260207",2.71866178512573
"1850","CR260208",2.73690128326416
"1851","CR260209",2.71930551528931
"1852","CR260210",2.71663069725037
"1853","CR260211",2.67090344429016
"1854","CR260212",2.66126775741577
"1855","CR260213",2.67497968673706
"1856","CR260214",2.67429852485657
"1857","CR260215",2.6731538772583
"1858","CR260216",2.67322874069214
"1859","CR260217",2.62868237495422
"1860","CR260218",2.49054503440857
"1861","CR260219",2.57753658294678
"1862","CR260220",2.66560912132263
"1863","CR260221",2.62229228019714
"1864","CR260222",2.44218301773071
"1865","CR260223",2.67159175872803
"1866","CR260224",2.31026768684387
"1867","CR260225",2.30971646308899
"1868","CR260226",2.50786209106445
"1869","CR260227",2.51825761795044
"1870","CR260228",2.66770076751709
"1871","CR260229",2.99117970466614
"1872","CR260230",3.03774333000183
"1873","CR260231",3.02267098426819
"1874","CR260232",2.8440797328949
"1875","CR260233",2.91406011581421
"1876","CR260234",2.62578892707825
"1877","CR260235",2.26972389221191
"1878","CR260236",2.39579367637634
"1879","CR260237",2.38762044906616
"1880","CR260238",2.32077217102051
"1881","CR260239",2.33800148963928
"1882","CR260240",2.27091217041016
"1883","CR260241",2.41044878959656
"1884","CR260242",2.40988850593567
"1885","CR261178",NA
"1886","CR261180",NA
"1887","CR261181",NA
"1888","CR261182",NA
"1889","CR261183",NA
"1890","CR261184",NA
"1891","CR261185",NA
"1892","CR261186",3.3739857673645
"1893","CR261187",2.77420902252197
"1894","CR261188",2.32630395889282
"1895","CR261189",2.89239859580994
"1896","CR261190",NA
"1897","CR261191",1.70000004768372
"1898","CR261192",1.32979297637939
"1899","CR261193",0.193000003695488
"1900","CR261194",1.52751207351685
"1901","CR261195",2.72235369682312
"1902","CR261196",2.77208638191223
"1903","CR261197",2.78679609298706
"1904","CR261198",2.77266025543213
"1905","CR261199",2.57647681236267
"1906","CR261200",2.55580592155457
"1907","CR261201",2.648756980896
"1908","CR261202",2.64891624450684
"1909","CR261203",2.66470527648926
"1910","CR261204",2.64882326126099
"1911","CR261205",2.65156412124634
"1912","CR261206",2.64900755882263
"1913","CR261207",2.72893381118774
"1914","CR261208",2.82439136505127
"1915","CR261209",2.78868365287781
"1916","CR261210",2.73158621788025
"1917","CR261211",2.73050165176392
"1918","CR261212",2.74538016319275
"1919","CR261213",2.76123905181885
"1920","CR261214",2.69109487533569
"1921","CR261215",2.6528205871582
"1922","CR261216",2.56113362312317
"1923","CR261217",2.54490375518799
"1924","CR261218",2.47630643844604
"1925","CR261219",2.54845404624939
"1926","CR261220",2.66394233703613
"1927","CR261221",2.48664450645447
"1928","CR261222",2.25735116004944
"1929","CR261223",2.35783386230469
"1930","CR261224",2.2812135219574
"1931","CR261225",2.33254790306091
"1932","CR261226",2.66176962852478
"1933","CR261227",2.64926624298096
"1934","CR261228",2.74557995796204
"1935","CR261229",3.04017901420593
"1936","CR261230",3.06248545646667
"1937","CR261231",3.00049018859863
"1938","CR261232",2.77327060699463
"1939","CR261233",2.84538412094116
"1940","CR261234",2.42243623733521
"1941","CR261235",2.0641655921936
"1942","CR261236",2.38547372817993
"1943","CR261237",2.39345979690552
"1944","CR261238",2.32956600189209
"1945","CR261239",2.40270853042603
"1946","CR261240",2.40988874435425
"1947","CR262181",NA
"1948","CR262182",NA
"1949","CR262183",NA
"1950","CR262184",NA
"1951","CR262185",3.37478518486023
"1952","CR262186",3.37548065185547
"1953","CR262187",3.37847328186035
"1954","CR262188",2.91446757316589
"1955","CR262189",2.89593815803528
"1956","CR262190",2.10876512527466
"1957","CR262191",1.71219801902771
"1958","CR262192",1.21589732170105
"1959","CR262193",1.16629374027252
"1960","CR262194",2.65220355987549
"1961","CR262195",2.57922506332397
"1962","CR262196",2.59801745414734
"1963","CR262197",2.67145204544067
"1964","CR262198",2.55509948730469
"1965","CR262199",2.54059386253357
"1966","CR262200",2.54178714752197
"1967","CR262201",2.63296055793762
"1968","CR262202",2.64913463592529
"1969","CR262203",2.65317106246948
"1970","CR262204",2.65318012237549
"1971","CR262205",2.65805816650391
"1972","CR262206",2.67978596687317
"1973","CR262207",2.80473160743713
"1974","CR262208",2.83612060546875
"1975","CR262209",2.82738065719604
"1976","CR262210",2.76533246040344
"1977","CR262211",2.73143768310547
"1978","CR262212",2.76634192466736
"1979","CR262213",2.77252793312073
"1980","CR262214",2.72813963890076
"1981","CR262215",2.58683776855469
"1982","CR262216",2.54503035545349
"1983","CR262217",2.55480766296387
"1984","CR262218",2.61126661300659
"1985","CR262219",2.62811279296875
"1986","CR262220",2.67544865608215
"1987","CR262221",2.39290404319763
"1988","CR262222",2.26589679718018
"1989","CR262223",2.34463787078857
"1990","CR262224",2.28985929489136
"1991","CR262225",2.22182559967041
"1992","CR262226",2.4416356086731
"1993","CR262227",2.64155316352844
"1994","CR262228",2.791011095047
"1995","CR262229",2.92570877075195
"1996","CR262230",2.83393406867981
"1997","CR262231",2.89808750152588
"1998","CR262232",2.87843108177185
"1999","CR262233",2.57399702072144
"2000","CR262234",2.40169787406921
"2001","CR262235",2.28730249404907
"2002","CR262236",2.36950707435608
"2003","CR262237",2.40220880508423
"2004","CR262238",NA
"2005","CR263181",NA
"2006","CR263182",NA
"2007","CR263183",NA
"2008","CR263184",3.37290525436401
"2009","CR263185",3.37396574020386
"2010","CR263186",3.37365293502808
"2011","CR263187",3.22385287284851
"2012","CR263188",2.95441079139709
"2013","CR263189",2.96082019805908
"2014","CR263190",2.89988017082214
"2015","CR263191",2.42201948165894
"2016","CR263192",1.66151177883148
"2017","CR263193",2.62410545349121
"2018","CR263194",2.47804570198059
"2019","CR263195",2.37046909332275
"2020","CR263196",2.38403487205505
"2021","CR263197",2.48805499076843
"2022","CR263198",2.54042887687683
"2023","CR263199",2.54101777076721
"2024","CR263200",2.5419442653656
"2025","CR263201",2.61375737190247
"2026","CR263202",2.63293313980103
"2027","CR263203",2.65802669525146
"2028","CR263204",2.65921449661255
"2029","CR263205",2.66005730628967
"2030","CR263206",2.6845498085022
"2031","CR263207",2.82045888900757
"2032","CR263208",2.83636450767517
"2033","CR263209",2.83617496490479
"2034","CR263210",2.79672050476074
"2035","CR263211",2.7310836315155
"2036","CR263212",2.73088645935059
"2037","CR263213",2.79061365127563
"2038","CR263214",2.84647130966187
"2039","CR263215",2.75441598892212
"2040","CR263216",2.5515251159668
"2041","CR263217",2.65794849395752
"2042","CR263218",2.66646146774292
"2043","CR263219",2.66646146774292
"2044","CR263220",2.741135597229
"2045","CR263221",2.56342506408691
"2046","CR263222",2.35120010375977
"2047","CR263223",2.31200885772705
"2048","CR263224",2.46958184242249
"2049","CR263225",2.41756463050842
"2050","CR263226",2.35793304443359
"2051","CR263227",2.48338937759399
"2052","CR263228",2.75995969772339
"2053","CR263229",2.90496921539307
"2054","CR263230",2.88214230537415
"2055","CR263231",2.94259238243103
"2056","CR263232",2.9402163028717
"2057","CR263233",2.52397084236145
"2058","CR263234",2.41107106208801
"2059","CR263235",2.40763425827026
"2060","CR263236",NA
"2061","CR263237",NA
"2062","CR263238",NA
"2063","CR264181",NA
"2064","CR264182",NA
"2065","CR264183",3.37233352661133
"2066","CR264184",3.37258243560791
"2067","CR264185",3.34837794303894
"2068","CR264186",3.27863597869873
"2069","CR264187",2.98165512084961
"2070","CR264188",2.97974586486816
"2071","CR264189",2.95010685920715
"2072","CR264190",2.84046268463135
"2073","CR264191",2.35950565338135
"2074","CR264192",2.01440572738647
"2075","CR264193",2.31871509552002
"2076","CR264194",2.36930704116821
"2077","CR264195",2.36580634117126
"2078","CR264196",2.36452031135559
"2079","CR264197",2.50121927261353
"2080","CR264198",2.56287956237793
"2081","CR264199",2.5725839138031
"2082","CR264200",2.57861757278442
"2083","CR264201",2.5916109085083
"2084","CR264202",2.59548044204712
"2085","CR264203",2.5760977268219
"2086","CR264204",2.57637023925781
"2087","CR264205",2.60638213157654
"2088","CR264206",2.60907888412476
"2089","CR264207",2.724289894104
"2090","CR264208",2.80991220474243
"2091","CR264209",2.8263852596283
"2092","CR264210",2.81325769424438
"2093","CR264211",2.73085236549377
"2094","CR264212",2.81069827079773
"2095","CR264213",2.76323008537292
"2096","CR264214",2.87350368499756
"2097","CR264215",2.91136527061462
"2098","CR264216",2.78501200675964
"2099","CR264217",2.74960541725159
"2100","CR264218",2.66646409034729
"2101","CR264219",2.72591114044189
"2102","CR264220",2.81273365020752
"2103","CR264221",2.68038058280945
"2104","CR264222",2.54407382011414
"2105","CR264223",2.39617776870728
"2106","CR264224",2.48900032043457
"2107","CR264225",2.58916449546814
"2108","CR264226",2.43798804283142
"2109","CR264227",2.40387868881226
"2110","CR264228",2.55122137069702
"2111","CR264229",2.91973972320557
"2112","CR264230",2.9398341178894
"2113","CR264231",NA
"2114","CR264232",NA
"2115","CR264235",NA
"2116","CR264236",NA
"2117","CR265182",NA
"2118","CR265183",2.37368822097778
"2119","CR265184",2.77501320838928
"2120","CR265185",2.68684220314026
"2121","CR265186",2.78555989265442
"2122","CR265187",2.95771741867065
"2123","CR265188",2.95046782493591
"2124","CR265189",2.91032457351685
"2125","CR265190",2.51700162887573
"2126","CR265191",2.38784265518188
"2127","CR265192",2.3396577835083
"2128","CR265193",2.33988642692566
"2129","CR265194",2.3471155166626
"2130","CR265195",2.4154896736145
"2131","CR265196",2.49736428260803
"2132","CR265197",2.58858609199524
"2133","CR265198",2.59300065040588
"2134","CR265199",2.59244203567505
"2135","CR265200",2.594646692276
"2136","CR265201",2.59399819374084
"2137","CR265202",2.59728503227234
"2138","CR265203",2.55851531028748
"2139","CR265204",2.54896402359009
"2140","CR265205",2.54932641983032
"2141","CR265206",2.54768037796021
"2142","CR265207",2.64059853553772
"2143","CR265208",2.7665274143219
"2144","CR265209",2.77517080307007
"2145","CR265210",2.76492238044739
"2146","CR265211",2.73087811470032
"2147","CR265212",2.89792799949646
"2148","CR265213",2.74828934669495
"2149","CR265214",2.73524594306946
"2150","CR265215",2.76888942718506
"2151","CR265216",2.77525305747986
"2152","CR265217",2.77237868309021
"2153","CR265218",2.72787976264954
"2154","CR265219",2.7657458782196
"2155","CR265220",2.80509996414185
"2156","CR265221",2.66022276878357
"2157","CR265222",2.52841472625732
"2158","CR265223",2.37930464744568
"2159","CR265224",2.41467380523682
"2160","CR265225",2.66308283805847
"2161","CR265226",2.44250750541687
"2162","CR265227",2.37521910667419
"2163","CR265228",2.39750337600708
"2164","CR265229",2.46304273605347
"2165","CR265230",NA
"2166","CR265231",NA
"2167","CR266182",2.34200000762939
"2168","CR266183",2.39431500434875
"2169","CR266184",2.67058515548706
"2170","CR266185",2.66791915893555
"2171","CR266186",2.79126787185669
"2172","CR266187",2.91992378234863
"2173","CR266188",2.94339513778687
"2174","CR266189",2.59604239463806
"2175","CR266190",2.40346026420593
"2176","CR266191",2.40324735641479
"2177","CR266192",2.39854669570923
"2178","CR266193",2.51428127288818
"2179","CR266194",2.58938574790955
"2180","CR266195",2.60234880447388
"2181","CR266196",2.61014986038208
"2182","CR266197",2.59087467193604
"2183","CR266198",2.593430519104
"2184","CR266199",2.59279561042786
"2185","CR266200",2.59076929092407
"2186","CR266201",2.59076929092407
"2187","CR266202",2.59060859680176
"2188","CR266203",2.55162858963013
"2189","CR266204",2.54775094985962
"2190","CR266205",2.54820108413696
"2191","CR266206",2.54758167266846
"2192","CR266207",2.67359471321106
"2193","CR266208",2.7665433883667
"2194","CR266209",2.69490122795105
"2195","CR266210",2.70191740989685
"2196","CR266211",2.73087787628174
"2197","CR266212",2.77673411369324
"2198","CR266213",2.69083213806152
"2199","CR266214",2.67439365386963
"2200","CR266215",2.61931180953979
"2201","CR266216",2.64953303337097
"2202","CR266217",2.75309491157532
"2203","CR266218",2.77115368843079
"2204","CR266219",2.77318668365479
"2205","CR266220",2.77270269393921
"2206","CR266221",2.57192277908325
"2207","CR266222",2.49655032157898
"2208","CR266223",2.43577480316162
"2209","CR266224",2.56208181381226
"2210","CR266225",2.54856967926025
"2211","CR266226",2.44257402420044
"2212","CR266227",2.38706588745117
"2213","CR266228",2.39888668060303
"2214","CR266229",2.41869020462036
"2215","CR266230",NA
"2216","CR267182",2.3420786857605
"2217","CR267183",2.40563917160034
"2218","CR267184",2.66452574729919
"2219","CR267185",2.67780709266663
"2220","CR267186",2.97440242767334
"2221","CR267187",2.9377064704895
"2222","CR267188",2.9442458152771
"2223","CR267189",2.40311980247498
"2224","CR267190",2.40815091133118
"2225","CR267191",2.40862584114075
"2226","CR267192",2.45480990409851
"2227","CR267193",2.54063010215759
"2228","CR267194",2.6171600818634
"2229","CR267195",2.68433308601379
"2230","CR267196",2.68137359619141
"2231","CR267197",2.61649060249329
"2232","CR267198",2.69733095169067
"2233","CR267199",2.67093014717102
"2234","CR267200",2.60568475723267
"2235","CR267201",2.59076929092407
"2236","CR267202",2.59076929092407
"2237","CR267203",2.56655716896057
"2238","CR267204",2.54989647865295
"2239","CR267205",2.55003547668457
"2240","CR267206",2.55989527702332
"2241","CR267207",2.6766529083252
"2242","CR267208",2.57560849189758
"2243","CR267209",2.4827675819397
"2244","CR267210",2.47906279563904
"2245","CR267211",2.66263318061829
"2246","CR267212",2.68106317520142
"2247","CR267213",2.66661548614502
"2248","CR267214",2.63810992240906
"2249","CR267215",2.58153128623962
"2250","CR267216",2.58134889602661
"2251","CR267217",2.60565280914307
"2252","CR267218",2.69139862060547
"2253","CR267219",2.770427942276
"2254","CR267220",2.74647331237793
"2255","CR267221",2.38958668708801
"2256","CR267222",2.4288923740387
"2257","CR267223",2.61049318313599
"2258","CR267224",2.57375383377075
"2259","CR267225",2.49374437332153
"2260","CR267226",2.64795112609863
"2261","CR267227",2.76566743850708
"2262","CR267228",2.38890910148621
"2263","CR267229",NA
"2264","CR268182",2.34200000762939
"2265","CR268183",2.61046099662781
"2266","CR268184",2.66519665718079
"2267","CR268185",2.65511894226074
"2268","CR268186",3.04568409919739
"2269","CR268187",NA
"2270","CR268188",NA
"2271","CR268189",NA
"2272","CR268190",2.46277189254761
"2273","CR268191",2.52382946014404
"2274","CR268192",2.55712151527405
"2275","CR268193",2.58732581138611
"2276","CR268194",2.62055945396423
"2277","CR268195",2.70453262329102
"2278","CR268196",2.71618580818176
"2279","CR268197",2.71563458442688
"2280","CR268198",2.72031545639038
"2281","CR268199",2.71948742866516
"2282","CR268200",2.71437430381775
"2283","CR268201",2.63034582138062
"2284","CR268202",2.59749889373779
"2285","CR268203",2.60663604736328
"2286","CR268204",2.58254957199097
"2287","CR268205",2.58702826499939
"2288","CR268206",2.5973846912384
"2289","CR268207",2.53893685340881
"2290","CR268208",2.47814869880676
"2291","CR268209",2.47148585319519
"2292","CR268210",2.52318382263184
"2293","CR268211",2.65995526313782
"2294","CR268212",2.66675186157227
"2295","CR268213",2.63842678070068
"2296","CR268214",2.64274716377258
"2297","CR268215",2.58130764961243
"2298","CR268216",2.5814163684845
"2299","CR268217",2.58168506622314
"2300","CR268218",2.62835741043091
"2301","CR268219",2.65775871276855
"2302","CR268220",2.54637002944946
"2303","CR268221",2.24483466148376
"2304","CR268222",2.37575721740723
"2305","CR268223",2.45518827438354
"2306","CR268224",2.19907808303833
"2307","CR268225",2.11350011825562
"2308","CR268226",2.76164674758911
"2309","CR268227",2.61917328834534
"2310","CR268228",NA
"2311","CR269183",NA
"2312","CR269184",NA
"2313","CR269185",NA
"2314","CR269186",NA
"2315","CR269187",NA
"2316","CR269188",NA
"2317","CR269189",NA
"2318","CR269190",2.59061622619629
"2319","CR269191",2.59222054481506
"2320","CR269192",2.62087917327881
"2321","CR269193",2.58907699584961
"2322","CR269194",2.67913293838501
"2323","CR269195",2.69138669967651
"2324","CR269196",2.69564414024353
"2325","CR269197",2.65810036659241
"2326","CR269198",2.56632113456726
"2327","CR269199",2.56551432609558
"2328","CR269200",2.53956031799316
"2329","CR269201",2.56869196891785
"2330","CR269202",2.60837650299072
"2331","CR269203",2.61439990997314
"2332","CR269204",2.60592317581177
"2333","CR269205",2.61079239845276
"2334","CR269206",2.60743498802185
"2335","CR269207",2.53496813774109
"2336","CR269208",2.48795628547668
"2337","CR269209",2.48723578453064
"2338","CR269210",2.48148488998413
"2339","CR269211",2.4394428730011
"2340","CR269212",2.48742890357971
"2341","CR269213",2.41547584533691
"2342","CR269214",2.53786158561707
"2343","CR269215",2.57911968231201
"2344","CR269216",2.58130788803101
"2345","CR269217",2.58806324005127
"2346","CR269218",2.63942933082581
"2347","CR269219",2.41565656661987
"2348","CR269220",2.14846038818359
"2349","CR269221",2.28836297988892
"2350","CR269222",2.4776246547699
"2351","CR269223",2.35647797584534
"2352","CR269224",2.35536026954651
"2353","CR269225",2.36186671257019
"2354","CR269226",2.39986348152161
"2355","CR269227",2.40000009536743
"2356","CR269228",2.40000009536743
"2357","CR270183",NA
"2358","CR270184",NA
"2359","CR270185",NA
"2360","CR270186",NA
"2361","CR270187",NA
"2362","CR270188",NA
"2363","CR270189",NA
"2364","CR270190",2.58348941802979
"2365","CR270191",2.58535099029541
"2366","CR270192",2.60937714576721
"2367","CR270193",2.61914587020874
"2368","CR270194",2.70131349563599
"2369","CR270195",2.68477082252502
"2370","CR270196",2.54661393165588
"2371","CR270197",2.52159023284912
"2372","CR270198",2.51843976974487
"2373","CR270199",2.4792742729187
"2374","CR270200",2.45127844810486
"2375","CR270201",2.35565090179443
"2376","CR270202",2.46021604537964
"2377","CR270203",2.62482166290283
"2378","CR270204",2.611656665802
"2379","CR270205",2.60694599151611
"2380","CR270206",2.60597229003906
"2381","CR270207",2.52177381515503
"2382","CR270208",2.48754382133484
"2383","CR270209",2.4880199432373
"2384","CR270210",2.33270454406738
"2385","CR270211",2.0800302028656
"2386","CR270212",2.07948708534241
"2387","CR270213",2.25646018981934
"2388","CR270214",2.44618988037109
"2389","CR270215",2.51211714744568
"2390","CR270216",2.52755451202393
"2391","CR270217",2.63894200325012
"2392","CR270218",2.62667298316956
"2393","CR270219",2.42365074157715
"2394","CR270220",2.00042390823364
"2395","CR270221",2.01181197166443
"2396","CR270222",2.78284502029419
"2397","CR270223",2.51985025405884
"2398","CR270224",2.30384707450867
"2399","CR270225",2.21877408027649
"2400","CR270226",2.40000009536743
"2401","CR270227",2.39999985694885
"2402","CR270228",NA
"2403","CR271183",NA
"2404","CR271184",NA
"2405","CR271185",NA
"2406","CR271186",NA
"2407","CR271187",NA
"2408","CR271188",NA
"2409","CR271189",NA
"2410","CR271190",2.24636578559875
"2411","CR271191",2.46469640731812
"2412","CR271192",2.58283257484436
"2413","CR271193",2.68042850494385
"2414","CR271194",2.69868850708008
"2415","CR271195",2.63921475410461
"2416","CR271196",2.52003049850464
"2417","CR271197",2.50522089004517
"2418","CR271198",2.46467089653015
"2419","CR271199",2.4559690952301
"2420","CR271200",2.38005352020264
"2421","CR271201",2.35143184661865
"2422","CR271202",2.36354184150696
"2423","CR271203",2.47059559822083
"2424","CR271204",2.54367876052856
"2425","CR271205",2.57666039466858
"2426","CR271206",2.60531878471375
"2427","CR271207",2.49286079406738
"2428","CR271208",2.48799991607666
"2429","CR271209",2.44042539596558
"2430","CR271210",2.11145281791687
"2431","CR271211",2.07946825027466
"2432","CR271212",2.07941603660583
"2433","CR271213",1.80938625335693
"2434","CR271214",2.04190587997437
"2435","CR271215",2.49987173080444
"2436","CR271216",2.51020097732544
"2437","CR271217",2.53852915763855
"2438","CR271218",2.50924324989319
"2439","CR271219",2.5790421962738
"2440","CR271220",2.07574915885925
"2441","CR271221",1.58617663383484
"2442","CR271222",2.26630544662476
"2443","CR271223",2.46299409866333
"2444","CR271224",2.38166856765747
"2445","CR271225",2.21262145042419
"2446","CR271226",NA
"2447","CR271227",NA
"2448","CR272185",NA
"2449","CR272186",NA
"2450","CR272187",NA
"2451","CR272188",NA
"2452","CR272189",NA
"2453","CR272190",1.8653290271759
"2454","CR272191",1.86781883239746
"2455","CR272192",2.16545057296753
"2456","CR272193",2.70621371269226
"2457","CR272194",2.67507457733154
"2458","CR272195",2.49503087997437
"2459","CR272196",2.48602604866028
"2460","CR272197",2.48171281814575
"2461","CR272198",2.47002792358398
"2462","CR272199",2.45888566970825
"2463","CR272200",2.39841747283936
"2464","CR272201",2.3877899646759
"2465","CR272202",2.392653465271
"2466","CR272203",2.4025547504425
"2467","CR272204",2.39969658851624
"2468","CR272205",2.43503856658936
"2469","CR272206",2.54407477378845
"2470","CR272207",2.49620580673218
"2471","CR272208",2.65112400054932
"2472","CR272209",2.59331059455872
"2473","CR272210",2.07914900779724
"2474","CR272211",2.05837535858154
"2475","CR272212",1.82848715782166
"2476","CR272213",1.62847816944122
"2477","CR272214",1.64104068279266
"2478","CR272215",2.06351733207703
"2479","CR272216",2.49210596084595
"2480","CR272217",2.45856761932373
"2481","CR272218",2.45776462554932
"2482","CR272219",2.51488995552063
"2483","CR272220",1.56598997116089
"2484","CR272221",1.09188091754913
"2485","CR272222",2.14905858039856
"2486","CR272223",2.37078285217285
"2487","CR272224",2.3954746723175
"2488","CR272225",2.4010112285614
"2489","CR272226",NA
"2490","CR272227",NA
"2491","CR273185",NA
"2492","CR273186",2.41403675079346
"2493","CR273187",2.41815280914307
"2494","CR273188",2.42038941383362
"2495","CR273189",2.4252986907959
"2496","CR273190",2.3464663028717
"2497","CR273191",2.29610419273376
"2498","CR273192",2.37564754486084
"2499","CR273193",2.70928001403809
"2500","CR273194",2.6187150478363
"2501","CR273195",2.48444008827209
"2502","CR273196",2.48576784133911
"2503","CR273197",2.46514511108398
"2504","CR273198",2.47381329536438
"2505","CR273199",2.48565125465393
"2506","CR273200",2.36162519454956
"2507","CR273201",2.31749391555786
"2508","CR273202",2.4166419506073
"2509","CR273203",2.40181875228882
"2510","CR273204",2.41370058059692
"2511","CR273205",2.40057802200317
"2512","CR273206",2.53225588798523
"2513","CR273207",2.90309762954712
"2514","CR273208",3.14592838287354
"2515","CR273209",2.87198710441589
"2516","CR273210",2.06490564346313
"2517","CR273211",1.69879913330078
"2518","CR273212",1.62613451480865
"2519","CR273213",1.62786960601807
"2520","CR273214",1.62976133823395
"2521","CR273215",1.75596392154694
"2522","CR273216",1.89624977111816
"2523","CR273217",1.5777599811554
"2524","CR273218",1.99369430541992
"2525","CR273219",2.51756691932678
"2526","CR273220",1.80773138999939
"2527","CR273221",1.55542278289795
"2528","CR273222",2.36086010932922
"2529","CR273223",2.49530291557312
"2530","CR273224",2.47490835189819
"2531","CR273225",NA
"2532","CR273226",NA
"2533","CR273227",NA
"2534","CR274185",NA
"2535","CR274186",2.40907692909241
"2536","CR274187",2.48140978813171
"2537","CR274188",2.41345071792603
"2538","CR274189",2.41675329208374
"2539","CR274190",2.39810299873352
"2540","CR274191",2.3990113735199
"2541","CR274192",2.55910634994507
"2542","CR274193",2.7346453666687
"2543","CR274194",2.65036368370056
"2544","CR274195",2.56197381019592
"2545","CR274196",2.58274149894714
"2546","CR274197",2.68328547477722
"2547","CR274198",NA
"2548","CR274199",NA
"2549","CR274200",NA
"2550","CR274201",NA
"2551","CR274202",NA
"2552","CR274203",NA
"2553","CR274204",NA
"2554","CR274205",3.12740707397461
"2555","CR274206",3.12239360809326
"2556","CR274207",3.16003251075745
"2557","CR274208",3.1588351726532
"2558","CR274209",NA
"2559","CR274210",1.6126561164856
"2560","CR274211",1.61148381233215
"2561","CR274212",1.61099994182587
"2562","CR274213",1.66292035579681
"2563","CR274214",1.76661789417267
"2564","CR274215",1.37054479122162
"2565","CR274216",1.18912327289581
"2566","CR274217",1.34680008888245
"2567","CR274218",1.41919994354248
"2568","CR274219",2.99074029922485
"2569","CR274220",3
"2570","CR274221",2.73597168922424
"2571","CR274222",2.26800012588501
"2572","CR274223",2.5
"2573","CR274224",NA
"2574","CR274225",NA
"2575","CR274226",NA
"2576","CR275186",NA
"2577","CR275187",2.60551357269287
"2578","CR275188",2.11340284347534
"2579","CR275189",1.44643330574036
"2580","CR275190",0.536420702934265
"2581","CR275191",0.802482545375824
"2582","CR275192",2.11722922325134
"2583","CR275193",3.11713576316833
"2584","CR275194",2.87760090827942
"2585","CR275195",2.56325674057007
"2586","CR275196",2.57548499107361
"2587","CR275197",NA
"2588","CR275198",NA
"2589","CR275199",NA
"2590","CR275200",NA
"2591","CR275201",NA
"2592","CR275202",NA
"2593","CR275203",NA
"2594","CR275204",NA
"2595","CR275205",3.1576669216156
"2596","CR275206",3.16254949569702
"2597","CR275207",3.16106796264648
"2598","CR275208",NA
"2599","CR275209",NA
"2600","CR275210",1.61141240596771
"2601","CR275211",1.61099994182587
"2602","CR275212",1.61116743087769
"2603","CR275213",1.74500608444214
"2604","CR275214",1.53458678722382
"2605","CR275215",0.805324912071228
"2606","CR275216",0.749139904975891
"2607","CR275217",0.747063159942627
"2608","CR275218",NA
"2609","CR275219",2.99999976158142
"2610","CR275220",2.91434192657471
"2611","CR275221",2.30270838737488
"2612","CR275222",2.26800036430359
"2613","CR275223",NA
"2614","CR275224",NA
"2615","CR275225",NA
"2616","CR275226",NA
"2617","CR276186",2.62342953681946
"2618","CR276187",2.38752388954163
"2619","CR276188",1.5
"2620","CR276189",1.47917294502258
"2621","CR276190",0.185152307152748
"2622","CR276191",0.105999998748302
"2623","CR276192",2.28507280349731
"2624","CR276193",3.20122289657593
"2625","CR276194",3.1789288520813
"2626","CR276195",2.60986161231995
"2627","CR276196",2.56692790985107
"2628","CR276197",NA
"2629","CR276198",NA
"2630","CR276199",NA
"2631","CR276200",NA
"2632","CR276201",NA
"2633","CR276202",NA
"2634","CR276203",NA
"2635","CR276204",NA
"2636","CR276205",NA
"2637","CR276206",NA
"2638","CR276207",NA
"2639","CR276208",NA
"2640","CR276209",NA
"2641","CR276210",NA
"2642","CR276211",NA
"2643","CR276212",NA
"2644","CR276213",1.77799987792969
"2645","CR276214",0.936405539512634
"2646","CR276215",0.748744428157806
"2647","CR276216",0.75
"2648","CR276217",NA
"2649","CR276218",NA
"2650","CR276219",NA
"2651","CR276220",2.2784218788147
"2652","CR276221",2.26800012588501
"2653","CR276222",2.26800012588501
"2654","CR276223",NA
"2655","CR276224",NA
"2656","CR276225",NA
"2657","CR276226",NA
"2658","CR277186",2.17424249649048
"2659","CR277187",1.85508680343628
"2660","CR277188",1.73996591567993
"2661","CR277189",1.53571653366089
"2662","CR277190",1.5
"2663","CR277191",NA
"2664","CR277192",NA
"2665","CR277193",NA
"2666","CR277194",NA
"2667","CR277195",NA
"2668","CR277196",NA
"2669","CR277197",NA
"2670","CR277198",NA
"2671","CR277199",NA
"2672","CR277200",NA
"2673","CR277201",NA
"2674","CR277202",NA
"2675","CR277203",NA
"2676","CR277204",NA
"2677","CR277205",NA
"2678","CR277206",NA
"2679","CR277207",NA
"2680","CR277208",NA
"2681","CR277209",NA
"2682","CR277210",NA
"2683","CR277211",NA
"2684","CR277212",NA
"2685","CR277213",NA
"2686","CR277214",NA
"2687","CR277215",NA
"2688","CR277216",NA
"2689","CR277217",NA
"2690","CR277218",NA
"2691","CR277219",NA
"2692","CR277220",NA
"2693","CR277221",NA
"2694","CR277222",NA
"2695","CR277223",NA
"2696","CR277224",NA
"2697","CR277225",NA
"2698","CR277226",NA
"2699","CR278186",1.78474998474121
"2700","CR278187",1.78396284580231
"2701","CR278188",1.78414857387543
"2702","CR278189",1.70111930370331
"2703","CR278190",NA
"2704","CR278191",NA
"2705","CR278192",NA
"2706","CR278193",NA
"2707","CR278194",NA
"2708","CR278195",NA
"2709","CR278196",NA
"2710","CR278197",NA
"2711","CR278198",NA
"2712","CR278199",NA
"2713","CR278200",NA
"2714","CR278201",NA
"2715","CR278202",NA
"2716","CR278203",NA
"2717","CR278204",NA
"2718","CR278205",NA
"2719","CR278206",NA
"2720","CR278207",NA
"2721","CR278208",NA
"2722","CR278209",NA
"2723","CR278210",NA
"2724","CR278211",NA
"2725","CR278212",NA
"2726","CR278213",NA
"2727","CR278214",NA
"2728","CR278215",NA
"2729","CR278216",NA
"2730","CR278217",NA
"2731","CR278218",NA
"2732","CR278219",NA
"2733","CR278220",NA
"2734","CR278221",NA
"2735","CR278222",NA
"2736","CR278223",NA
"2737","CR278224",NA
"2738","CR278225",NA
"2739","CR279186",NA
"2740","CR279187",NA
"2741","CR279188",NA
"2742","CR279189",NA
"2743","CR279190",NA
"2744","CR279191",NA
"2745","CR279192",NA
"2746","CR279193",NA
"2747","CR279194",NA
"2748","CR279195",NA
"2749","CR279196",NA
"2750","CR279197",NA
"2751","CR279198",NA
"2752","CR279199",NA
"2753","CR279200",NA
"2754","CR279201",NA
"2755","CR279202",NA
"2756","CR279203",NA
"2757","CR279204",NA
"2758","CR279205",NA
"2759","CR279206",NA
"2760","CR279207",NA
"2761","CR279208",NA
"2762","CR279209",NA
"2763","CR279210",NA
"2764","CR279211",NA
"2765","CR279212",NA
"2766","CR279213",NA
"2767","CR279214",NA
"2768","CR279215",NA
"2769","CR279216",NA
"2770","CR279217",NA
"2771","CR279218",NA
"2772","CR279219",NA
"2773","CR279220",NA
"2774","CR279221",NA
"2775","CR279222",NA
"2776","CR279223",NA
"2777","CR280186",NA
"2778","CR280187",NA
"2779","CR280188",NA
"2780","CR280189",NA
"2781","CR280190",NA
"2782","CR280191",NA
"2783","CR280192",NA
"2784","CR280193",NA
"2785","CR280194",NA
"2786","CR280195",NA
"2787","CR280196",NA
"2788","CR280197",NA
"2789","CR280198",NA
"2790","CR280199",NA
"2791","CR280200",NA
"2792","CR280201",NA
"2793","CR280202",NA
"2794","CR280203",NA
"2795","CR280204",NA
"2796","CR280205",NA
"2797","CR280206",NA
"2798","CR280207",NA
"2799","CR280208",NA
"2800","CR280209",NA
"2801","CR280210",NA
"2802","CR280211",NA
"2803","CR280212",NA
"2804","CR280213",NA
"2805","CR280214",NA
"2806","CR280215",NA
"2807","CR280216",NA
"2808","CR280217",NA
"2809","CR280218",NA
"2810","CR280219",NA
"2811","CR280220",NA
"2812","CR280221",NA
"2813","CR280222",NA
"2814","CR281186",NA
"2815","CR281187",NA
"2816","CR281188",NA
"2817","CR281189",NA
"2818","CR281190",NA
"2819","CR281191",NA
"2820","CR281192",NA
"2821","CR281193",NA
"2822","CR281194",NA
"2823","CR281195",NA
"2824","CR281196",NA
"2825","CR281197",NA
"2826","CR281198",NA
"2827","CR281199",NA
"2828","CR281200",NA
"2829","CR281201",NA
"2830","CR281202",NA
"2831","CR281203",NA
"2832","CR281204",NA
"2833","CR281205",NA
"2834","CR281206",NA
"2835","CR281207",NA
"2836","CR281208",NA
"2837","CR281209",NA
"2838","CR281210",NA
"2839","CR281211",NA
"2840","CR281212",NA
"2841","CR281213",NA
"2842","CR281214",NA
"2843","CR281215",NA
"2844","CR281216",NA
"2845","CR281217",NA
"2846","CR281218",NA
"2847","CR281219",NA
"2848","CR281220",NA
"2849","CR282187",NA
"2850","CR282188",NA
"2851","CR282189",NA
"2852","CR282190",NA
"2853","CR282191",NA
"2854","CR282192",NA
"2855","CR282193",NA
"2856","CR282194",NA
"2857","CR282195",NA
"2858","CR282196",NA
"2859","CR282197",NA
"2860","CR282198",NA
"2861","CR282199",NA
"2862","CR282200",NA
"2863","CR282201",NA
"2864","CR282202",NA
"2865","CR282203",NA
"2866","CR282204",NA
"2867","CR282205",NA
"2868","CR282206",NA
"2869","CR282207",NA
"2870","CR282208",NA
"2871","CR282209",NA
"2872","CR282210",NA
"2873","CR282211",NA
"2874","CR282212",NA
"2875","CR282213",NA
"2876","CR282214",NA
"2877","CR282215",NA
"2878","CR282216",NA
"2879","CR283187",NA
"2880","CR283188",NA
"2881","CR283189",NA
"2882","CR283190",3.0984001159668
"2883","CR283191",3.09840035438538
"2884","CR283192",NA
"2885","CR283193",NA
"2886","CR283194",NA
"2887","CR283195",NA
"2888","CR283196",NA
"2889","CR283197",NA
"2890","CR283198",NA
"2891","CR283199",NA
"2892","CR283200",NA
"2893","CR283201",NA
"2894","CR283202",NA
"2895","CR283203",NA
"2896","CR283204",NA
"2897","CR283205",NA
"2898","CR283206",NA
"2899","CR283207",NA
"2900","CR283208",NA
"2901","CR283209",NA
"2902","CR283212",NA
"2903","CR283213",NA
"2904","CR284188",NA
"2905","CR284189",NA
"2906","CR284190",3.09863066673279
"2907","CR284191",3.0984001159668
"2908","CR284192",3.0984001159668
"2909","CR284193",NA
"2910","CR284194",NA
"2911","CR284195",NA
"2912","CR284196",NA
"2913","CR284197",NA
"2914","CR284198",NA
"2915","CR284199",NA
"2916","CR284200",NA
"2917","CR284201",NA
"2918","CR284202",NA
"2919","CR284203",NA
"2920","CR284204",NA
"2921","CR284205",NA
"2922","CR284206",NA
"2923","CR285189",NA
"2924","CR285190",3.0984001159668
"2925","CR285191",3.0984001159668
"2926","CR285192",3.0984001159668
"2927","CR285193",NA
"2928","CR285194",NA
"2929","CR285195",NA
"2930","CR285196",NA
"2931","CR285197",NA
"2932","CR285198",NA
"2933","CR285199",NA
"2934","CR285200",NA
"2935","CR285201",NA
"2936","CR285202",NA
"2937","CR285203",NA
"2938","CR285204",NA
"2939","CR285205",NA
"2940","CR286190",NA
"2941","CR286191",NA
"2942","CR286192",NA
"2943","CR286193",NA
"2944","CR286194",NA
"2945","CR286195",NA
"2946","CR286196",NA
"2947","CR286197",NA
"2948","CR286198",NA
"2949","CR286199",NA
"2950","CR286200",NA
"2951","CR286201",NA
"2952","CR286202",NA
"2953","CR286203",NA
"2954","CR286204",NA
"2955","CR287190",NA
"2956","CR287191",NA
"2957","CR287192",NA
"2958","CR287193",NA
"2959","CR287194",NA
"2960","CR287195",NA
"2961","CR287196",NA
"2962","CR287197",NA
"2963","CR287198",NA
"2964","CR287199",NA
"2965","CR287200",2.48671126365662
"2966","CR287201",2.49183320999146
"2967","CR287202",NA
"2968","CR288191",NA
"2969","CR288192",NA
"2970","CR288193",NA
"2971","CR288194",NA
"2972","CR288195",NA
"2973","CR288196",NA
"2974","CR288197",NA
"2975","CR288198",NA
"2976","CR288199",NA
"2977","CR288200",1.90308225154877
"2978","CR288201",1.81693506240845
"2979","CR289191",NA
"2980","CR289192",NA
"2981","CR289193",NA
"2982","CR289194",NA
"2983","CR289195",NA
"2984","CR289196",NA
"2985","CR289197",NA
"2986","CR289198",NA
"2987","CR289199",NA
"2988","CR289200",1.79999995231628
"2989","CR290191",NA
"2990","CR290192",NA
"2991","CR290193",NA
"2992","CR290194",NA
"2993","CR290195",NA
"2994","CR290196",NA
"2995","CR290197",NA
"2996","CR290198",NA
"2997","CR290199",NA
"2998","CR291194",NA
"2999","CR291195",NA
"3000","CR291196",NA
"3001","CR291197",NA
