"ID","L","NL"
"CR213194",1.015,1.6985
"CR213195",1.015,1.6985
"CR213196",1.015,1.6985
"CR213197",1.015,1.6985
"CR214192",1.015,1.6985
"CR214193",1.015,1.6985
"CR214194",1.015,1.6985
"CR214195",1.015,1.6985
"CR214196",1.015,1.6985
"CR214197",1.015,1.6985
"CR214198",1.015,1.6985
"CR214199",1.015,1.6985
"CR215191",1.015,1.6985
"CR215192",1.015,1.6985
"CR215193",1.015,1.6985
"CR215194",1.015,1.6985
"CR215195",1.015,1.6985
"CR215196",1.015,1.6985
"CR215197",1.015,1.6985
"CR215198",1.015,1.6985
"CR215199",1.015,1.6985
"CR216190",1.015,1.6985
"CR216191",1.015,1.6985
"CR216192",1.015,1.6985
"CR216193",1.015,1.6985
"CR216194",1.015,1.6985
"CR216195",1.015,1.6985
"CR216196",1.015,1.6985
"CR216197",1.015,1.6985
"CR216198",1.015,1.6985
"CR216199",1.015,1.6985
"CR216200",1.015,1.6985
"CR217190",1.015,1.6985
"CR217191",1.015,1.6985
"CR217192",1.015,1.6985
"CR217193",1.015,1.6985
"CR217194",1.015,1.6985
"CR217195",1.015,1.6985
"CR217196",1.015,1.6985
"CR217197",1.015,1.6985
"CR217198",1.015,1.6985
"CR217199",1.015,1.6985
"CR217200",1.015,1.6985
"CR218189",1.015,1.6985
"CR218190",1.015,1.6985
"CR218191",1.015,1.6985
"CR218192",1.015,1.6985
"CR218193",1.015,1.6985
"CR218194",1.015,1.6985
"CR218195",1.015,1.6985
"CR218196",1.015,1.6985
"CR218197",1.015,1.6985
"CR218198",1.015,1.6985
"CR218199",1.015,1.6985
"CR218200",1.015,1.6985
"CR219189",1.015,1.6985
"CR219190",1.015,1.6985
"CR219191",1.015,1.6985
"CR219192",1.015,1.6985
"CR219193",1.015,1.6985
"CR219194",1.015,1.6985
"CR219195",1.015,1.6985
"CR219196",1.015,1.6985
"CR219197",1.015,1.6985
"CR219198",1.015,1.6985
"CR219199",1.015,1.6985
"CR219200",1.015,1.6985
"CR219201",1.015,1.6985
"CR219202",1.015,1.6985
"CR220180",1.015,1.6985
"CR220181",1.015,1.6985
"CR220189",1.015,1.6985
"CR220190",1.015,1.6985
"CR220191",1.015,1.6985
"CR220192",1.015,1.6985
"CR220193",1.015,1.6985
"CR220194",1.015,1.6985
"CR220195",1.015,1.6985
"CR220196",1.015,1.6985
"CR220197",1.015,1.6985
"CR220198",1.015,1.6985
"CR220199",1.015,1.6985
"CR220200",1.015,1.6985
"CR220201",1.015,1.6985
"CR220202",1.015,1.6985
"CR220203",1.015,1.6985
"CR221177",1.015,1.6985
"CR221178",1.015,1.6985
"CR221179",1.015,1.6985
"CR221180",1.015,1.6985
"CR221181",1.015,1.6985
"CR221182",1.015,1.6985
"CR221185",1.015,1.6985
"CR221186",1.015,1.6985
"CR221187",1.015,1.6985
"CR221188",1.015,1.6985
"CR221189",1.015,1.6985
"CR221190",1.015,1.6985
"CR221191",1.015,1.6985
"CR221192",1.015,1.6985
"CR221193",1.015,1.6985
"CR221194",1.015,1.6985
"CR221195",1.015,1.6985
"CR221196",1.015,1.6985
"CR221197",1.015,1.6985
"CR221198",1.015,1.6985
"CR221199",1.015,1.6985
"CR221200",1.015,1.6985
"CR221201",1.015,1.6985
"CR221202",1.015,1.6985
"CR222177",1.015,1.6985
"CR222178",1.015,1.6985
"CR222179",0,0
"CR222180",1.015,1.6985
"CR222181",1.015,1.6985
"CR222182",1.015,1.6985
"CR222183",1.015,1.6985
"CR222184",1.015,1.6985
"CR222185",1.015,1.6985
"CR222186",1.015,1.6985
"CR222187",1.015,1.6985
"CR222188",1.015,1.6985
"CR222189",1.015,1.6985
"CR222190",1.015,1.6985
"CR222191",1.015,1.6985
"CR222192",1.015,1.6985
"CR222193",1.015,1.6985
"CR222194",1.015,1.6985
"CR222195",1.015,1.6985
"CR222196",1.015,1.6985
"CR222197",1.015,1.6985
"CR222198",1.015,1.6985
"CR222199",1.015,1.6985
"CR222200",1.015,1.6985
"CR222201",1.015,1.6985
"CR222202",1.015,1.6985
"CR223177",1.015,1.6985
"CR223178",1.015,1.6985
"CR223179",1.015,1.6985
"CR223180",1.015,1.6985
"CR223181",1.015,1.6985
"CR223182",1.015,1.6985
"CR223183",1.015,1.6985
"CR223184",1.015,1.6985
"CR223185",1.015,1.6985
"CR223186",1.015,1.6985
"CR223187",1.015,1.6985
"CR223188",1.015,1.6985
"CR223189",1.015,1.6985
"CR223190",1.015,1.6985
"CR223191",1.015,1.6985
"CR223192",1.015,1.6985
"CR223193",1.015,1.6985
"CR223194",1.015,1.6985
"CR223195",1.015,1.6985
"CR223196",1.015,1.6985
"CR223197",1.015,1.6985
"CR223198",1.015,1.6985
"CR223199",1.015,1.6985
"CR223200",1.015,1.6985
"CR223201",1.015,1.6985
"CR223202",1.015,1.6985
"CR223203",1.015,1.6985
"CR224177",1.015,1.6985
"CR224178",1.015,1.6985
"CR224179",1.015,1.6985
"CR224180",1.015,1.6985
"CR224181",1.015,1.6985
"CR224182",1.015,1.6985
"CR224183",1.015,1.6985
"CR224184",1.015,1.6985
"CR224185",1.015,1.6985
"CR224186",1.015,1.6985
"CR224187",1.015,1.6985
"CR224188",1.015,1.6985
"CR224189",1.015,1.6985
"CR224190",1.015,1.6985
"CR224191",1.015,1.6985
"CR224192",1.015,1.6985
"CR224193",1.015,1.6985
"CR224194",1.015,1.6985
"CR224195",1.015,1.6985
"CR224196",1.015,1.6985
"CR224197",1.015,1.6985
"CR224198",1.015,1.6985
"CR224199",1.015,1.6985
"CR224200",1.015,1.6985
"CR224201",1.015,1.6985
"CR224202",1.015,1.6985
"CR225176",1.015,1.6985
"CR225177",1.015,1.6985
"CR225178",1.015,1.6985
"CR225179",1.015,1.6985
"CR225180",1.015,1.6985
"CR225181",1.015,1.6985
"CR225182",1.015,1.6985
"CR225183",1.015,1.6985
"CR225184",1.015,1.6985
"CR225185",1.015,1.6985
"CR225186",1.015,1.6985
"CR225187",1.015,1.6985
"CR225188",1.015,1.6985
"CR225189",1.015,1.6985
"CR225190",1.015,1.6985
"CR225191",1.015,1.6985
"CR225192",1.015,1.6985
"CR225193",1.015,1.6985
"CR225194",1.015,1.6985
"CR225195",1.015,1.6985
"CR225196",1.015,1.6985
"CR225197",1.015,1.6985
"CR225198",1.015,1.6985
"CR225199",1.015,1.6985
"CR225200",1.015,1.6985
"CR225201",1.015,1.6985
"CR225202",1.015,1.6985
"CR226176",1.015,1.6985
"CR226177",1.015,1.6985
"CR226178",1.015,1.6985
"CR226179",1.015,1.6985
"CR226180",1.015,1.6985
"CR226181",1.015,1.6985
"CR226182",1.015,1.6985
"CR226183",1.015,1.6985
"CR226184",1.015,1.6985
"CR226185",1.015,1.6985
"CR226186",1.015,1.6985
"CR226187",1.015,1.6985
"CR226188",1.015,1.6985
"CR226189",1.015,1.6985
"CR226190",1.015,1.6985
"CR226191",1.015,1.6985
"CR226192",1.015,1.6985
"CR226193",1.015,1.6985
"CR226194",1.015,1.6985
"CR226195",1.015,1.6985
"CR226196",1.015,1.6985
"CR226197",1.015,1.6985
"CR226198",1.015,1.6985
"CR226199",1.015,1.6985
"CR226200",1.015,1.6985
"CR226201",1.015,1.6985
"CR227178",1.015,1.6985
"CR227179",1.015,1.6985
"CR227180",1.015,1.6985
"CR227181",1.015,1.6985
"CR227182",1.015,1.6985
"CR227183",1.015,1.6985
"CR227184",1.015,1.6985
"CR227185",1.015,1.6985
"CR227186",1.015,1.6985
"CR227187",1.015,1.6985
"CR227188",1.015,1.6985
"CR227189",1.015,1.6985
"CR227190",1.015,1.6985
"CR227191",1.015,1.6985
"CR227192",1.015,1.6985
"CR227193",1.015,1.6985
"CR227194",1.015,1.6985
"CR227195",1.015,1.6985
"CR227196",1.015,1.6985
"CR227197",1.015,1.6985
"CR227198",1.015,1.6985
"CR227199",1.015,1.6985
"CR227200",1.015,1.6985
"CR227201",1.015,1.6985
"CR228179",1.015,1.6985
"CR228180",1.015,1.6985
"CR228181",1.015,1.6985
"CR228182",1.015,1.6985
"CR228183",1.015,1.6985
"CR228184",1.015,1.6985
"CR228185",1.015,1.6985
"CR228186",1.015,1.6985
"CR228187",1.015,1.6985
"CR228188",1.015,1.6985
"CR228189",1.015,1.6985
"CR228190",1.015,1.6985
"CR228191",1.015,1.6985
"CR228192",1.015,1.6985
"CR228193",1.015,1.6985
"CR228194",1.015,1.6985
"CR228195",1.015,1.6985
"CR228196",1.015,1.6985
"CR228197",1.015,1.6985
"CR228198",1.015,1.6985
"CR228199",1.015,1.6985
"CR228200",1.015,1.6985
"CR229179",1.015,1.6985
"CR229180",1.015,1.6985
"CR229181",1.015,1.6985
"CR229182",1.015,1.6985
"CR229183",1.015,1.6985
"CR229184",1.015,1.6985
"CR229185",1.015,1.6985
"CR229186",1.015,1.6985
"CR229187",1.015,1.6985
"CR229188",1.015,1.6985
"CR229189",1.015,1.6985
"CR229190",1.015,1.6985
"CR229191",1.015,1.6985
"CR229192",1.015,1.6985
"CR229193",1.015,1.6985
"CR229194",1.015,1.6985
"CR229195",1.015,1.6985
"CR229196",1.015,1.6985
"CR229197",1.015,1.6985
"CR229198",1.015,1.6985
"CR229199",1.015,1.6985
"CR229200",1.015,1.6985
"CR230178",1.015,1.6985
"CR230179",1.015,1.6985
"CR230180",1.015,1.6985
"CR230181",1.015,1.6985
"CR230182",1.015,1.6985
"CR230183",1.015,1.6985
"CR230184",1.015,1.6985
"CR230185",1.015,1.6985
"CR230186",1.015,1.6985
"CR230187",1.015,1.6985
"CR230188",1.015,1.6985
"CR230189",1.015,1.6985
"CR230190",1.015,1.6985
"CR230191",1.015,1.6985
"CR230192",1.015,1.6985
"CR230193",1.015,1.6985
"CR230194",1.015,1.6985
"CR230195",1.015,1.6985
"CR230196",1.015,1.6985
"CR230197",1.015,1.6985
"CR230198",1.015,1.6985
"CR230199",1.015,1.6985
"CR230200",1.015,1.6985
"CR230201",1.015,1.6985
"CR230202",1.015,1.6985
"CR230203",1.015,1.6985
"CR230204",1.015,1.6985
"CR231172",1.015,1.6985
"CR231173",1.015,1.6985
"CR231178",1.015,1.6985
"CR231179",1.015,1.6985
"CR231180",1.015,1.6985
"CR231181",1.015,1.6985
"CR231182",1.015,1.6985
"CR231183",1.015,1.6985
"CR231184",1.015,1.6985
"CR231185",1.015,1.6985
"CR231186",1.015,1.6985
"CR231187",1.015,1.6985
"CR231188",1.015,1.6985
"CR231189",1.015,1.6985
"CR231190",1.015,1.6985
"CR231191",1.015,1.6985
"CR231192",1.015,1.6985
"CR231193",1.015,1.6985
"CR231194",1.015,1.6985
"CR231195",1.015,1.6985
"CR231196",1.015,1.6985
"CR231197",1.015,1.6985
"CR231198",1.015,1.6985
"CR231199",1.015,1.6985
"CR231200",1.015,1.6985
"CR231201",1.015,1.6985
"CR231202",1.015,1.6985
"CR231203",1.015,1.6985
"CR231204",1.015,1.6985
"CR231205",1.015,1.6985
"CR232172",1.015,1.6985
"CR232173",1.015,1.6985
"CR232174",1.015,1.6985
"CR232175",1.015,1.6985
"CR232177",0,0
"CR232178",1.015,1.6985
"CR232179",1.015,1.6985
"CR232180",1.015,1.6985
"CR232181",1.015,1.6985
"CR232182",1.015,1.6985
"CR232183",1.015,1.6985
"CR232184",1.015,1.6985
"CR232185",1.015,1.6985
"CR232186",1.015,1.6985
"CR232187",1.015,1.6985
"CR232188",1.015,1.6985
"CR232189",1.015,1.6985
"CR232190",1.015,1.6985
"CR232191",1.015,1.6985
"CR232192",1.015,1.6985
"CR232193",1.015,1.6985
"CR232194",1.015,1.6985
"CR232195",1.015,1.6985
"CR232196",1.015,1.6985
"CR232197",1.015,1.6985
"CR232198",1.015,1.6985
"CR232199",1.015,1.6985
"CR232200",1.015,1.6985
"CR232201",1.015,1.6985
"CR232202",1.015,1.6985
"CR232203",1.015,1.6985
"CR232204",1.015,1.6985
"CR232205",1.015,1.6985
"CR233173",1.015,1.6985
"CR233174",1.015,1.6985
"CR233175",1.015,1.6985
"CR233176",1.015,1.6985
"CR233177",1.015,1.6985
"CR233178",1.015,1.6985
"CR233179",1.015,1.6985
"CR233180",1.015,1.6985
"CR233181",1.015,1.6985
"CR233182",1.015,1.6985
"CR233183",1.015,1.6985
"CR233184",1.015,1.6985
"CR233185",1.015,1.6985
"CR233186",1.015,1.6985
"CR233187",1.015,1.6985
"CR233188",1.015,1.6985
"CR233189",1.015,1.6985
"CR233190",1.015,1.6985
"CR233191",1.015,1.6985
"CR233192",1.015,1.6985
"CR233193",1.015,1.6985
"CR233194",1.015,1.6985
"CR233195",1.015,1.6985
"CR233196",1.015,1.6985
"CR233197",1.015,1.6985
"CR233198",1.015,1.6985
"CR233199",1.015,1.6985
"CR233200",1.015,1.6985
"CR233201",1.015,1.6985
"CR233202",1.015,1.6985
"CR233203",1.015,1.6985
"CR233204",1.015,1.6985
"CR233205",1.015,1.6985
"CR233206",0,0
"CR234173",1.015,1.6985
"CR234174",1.015,1.6985
"CR234175",1.015,1.6985
"CR234176",1.015,1.6985
"CR234177",1.015,1.6985
"CR234178",1.015,1.6985
"CR234179",1.015,1.6985
"CR234180",1.015,1.6985
"CR234181",1.015,1.6985
"CR234182",1.015,1.6985
"CR234183",1.015,1.6985
"CR234184",1.015,1.6985
"CR234185",1.015,1.6985
"CR234186",1.015,1.6985
"CR234187",1.015,1.6985
"CR234188",1.015,1.6985
"CR234189",1.015,1.6985
"CR234190",1.015,1.6985
"CR234191",1.015,1.6985
"CR234192",1.015,1.6985
"CR234193",1.015,1.6985
"CR234194",1.015,1.6985
"CR234195",1.015,1.6985
"CR234196",1.015,1.6985
"CR234197",1.015,1.6985
"CR234198",1.015,1.6985
"CR234199",1.015,1.6985
"CR234200",1.015,1.6985
"CR234201",1.015,1.6985
"CR234202",1.015,1.6985
"CR234203",1.015,1.6985
"CR234204",1.015,1.6985
"CR234205",1.015,1.6985
"CR234206",1.015,1.6985
"CR235172",0,0
"CR235173",1.015,1.6985
"CR235174",1.015,1.6985
"CR235175",1.015,1.6985
"CR235176",1.015,1.6985
"CR235177",1.015,1.6985
"CR235178",1.015,1.6985
"CR235179",1.015,1.6985
"CR235180",1.015,1.6985
"CR235181",1.015,1.6985
"CR235182",1.015,1.6985
"CR235183",1.015,1.6985
"CR235184",1.015,1.6985
"CR235185",1.015,1.6985
"CR235186",1.015,1.6985
"CR235187",1.015,1.6985
"CR235188",1.015,1.6985
"CR235189",1.015,1.6985
"CR235190",1.015,1.6985
"CR235191",1.015,1.6985
"CR235192",1.015,1.6985
"CR235193",1.015,1.6985
"CR235194",1.015,1.6985
"CR235195",1.015,1.6985
"CR235196",1.015,1.6985
"CR235197",1.015,1.6985
"CR235198",1.015,1.6985
"CR235199",1.015,1.6985
"CR235200",1.015,1.6985
"CR235201",1.015,1.6985
"CR235202",1.015,1.6985
"CR235203",1.015,1.6985
"CR235204",1.015,1.6985
"CR235205",1.015,1.6985
"CR235206",1.015,1.6985
"CR235207",1.015,1.6985
"CR236172",1.015,1.6985
"CR236173",1.015,1.6985
"CR236174",1.015,1.6985
"CR236175",1.015,1.6985
"CR236176",1.015,1.6985
"CR236177",1.015,1.6985
"CR236178",1.015,1.6985
"CR236179",1.015,1.6985
"CR236180",1.015,1.6985
"CR236181",1.015,1.6985
"CR236182",1.015,1.6985
"CR236183",1.015,1.6985
"CR236184",1.015,1.6985
"CR236185",1.015,1.6985
"CR236186",1.015,1.6985
"CR236187",1.015,1.6985
"CR236188",1.015,1.6985
"CR236189",1.015,1.6985
"CR236190",1.015,1.6985
"CR236191",1.015,1.6985
"CR236192",1.015,1.6985
"CR236193",1.015,1.6985
"CR236194",1.015,1.6985
"CR236195",1.015,1.6985
"CR236196",1.015,1.6985
"CR236197",1.015,1.6985
"CR236198",1.015,1.6985
"CR236199",1.015,1.6985
"CR236200",1.015,1.6985
"CR236201",1.015,1.6985
"CR236202",1.015,1.6985
"CR236203",1.015,1.6985
"CR236204",1.015,1.6985
"CR236205",1.015,1.6985
"CR236206",1.015,1.6985
"CR236207",1.015,1.6985
"CR237172",1.015,1.6985
"CR237173",1.015,1.6985
"CR237174",1.015,1.6985
"CR237175",1.015,1.6985
"CR237176",1.015,1.6985
"CR237177",1.015,1.6985
"CR237178",1.015,1.6985
"CR237179",1.015,1.6985
"CR237180",1.015,1.6985
"CR237181",1.015,1.6985
"CR237182",1.015,1.6985
"CR237183",1.015,1.6985
"CR237184",1.015,1.6985
"CR237185",1.015,1.6985
"CR237186",1.015,1.6985
"CR237187",1.015,1.6985
"CR237188",1.015,1.6985
"CR237189",1.015,1.6985
"CR237190",1.015,1.6985
"CR237191",1.015,1.6985
"CR237192",1.015,1.6985
"CR237193",1.015,1.6985
"CR237194",1.015,1.6985
"CR237195",1.015,1.6985
"CR237196",1.015,1.6985
"CR237197",1.015,1.6985
"CR237198",1.015,1.6985
"CR237199",1.015,1.6985
"CR237200",1.015,1.6985
"CR237201",1.015,1.6985
"CR237202",1.015,1.6985
"CR237203",1.015,1.6985
"CR237204",1.015,1.6985
"CR237205",1.015,1.6985
"CR237206",1.015,1.6985
"CR237207",1.015,1.6985
"CR238172",1.015,1.6985
"CR238173",1.015,1.6985
"CR238174",1.015,1.6985
"CR238175",1.015,1.6985
"CR238176",1.015,1.6985
"CR238177",1.015,1.6985
"CR238178",1.015,1.6985
"CR238179",1.015,1.6985
"CR238180",1.015,1.6985
"CR238181",1.015,1.6985
"CR238182",1.015,1.6985
"CR238183",1.015,1.6985
"CR238184",1.015,1.6985
"CR238185",1.015,1.6985
"CR238186",1.015,1.6985
"CR238187",1.015,1.6985
"CR238188",1.015,1.6985
"CR238189",1.015,1.6985
"CR238190",1.015,1.6985
"CR238191",1.015,1.6985
"CR238192",1.015,1.6985
"CR238193",1.015,1.6985
"CR238194",1.015,1.6985
"CR238195",1.015,1.6985
"CR238196",1.015,1.6985
"CR238197",1.015,1.6985
"CR238198",1.015,1.6985
"CR238199",1.015,1.6985
"CR238200",1.015,1.6985
"CR238201",1.015,1.6985
"CR238202",1.015,1.6985
"CR238203",1.015,1.6985
"CR238204",1.015,1.6985
"CR238205",1.015,1.6985
"CR238206",1.015,1.6985
"CR238207",1.015,1.6985
"CR238208",1.015,1.6985
"CR239170",1.015,1.6985
"CR239171",1.015,1.6985
"CR239172",1.015,1.6985
"CR239173",1.015,1.6985
"CR239174",1.015,1.6985
"CR239175",1.015,1.6985
"CR239176",1.015,1.6985
"CR239177",1.015,1.6985
"CR239178",1.015,1.6985
"CR239179",1.015,1.6985
"CR239180",1.015,1.6985
"CR239181",1.015,1.6985
"CR239182",1.015,1.6985
"CR239183",1.015,1.6985
"CR239184",1.015,1.6985
"CR239185",1.015,1.6985
"CR239186",1.015,1.6985
"CR239187",1.015,1.6985
"CR239188",1.015,1.6985
"CR239189",1.015,1.6985
"CR239190",1.015,1.6985
"CR239191",1.015,1.6985
"CR239192",1.015,1.6985
"CR239193",1.015,1.6985
"CR239194",1.015,1.6985
"CR239195",1.015,1.6985
"CR239196",1.015,1.6985
"CR239197",1.015,1.6985
"CR239198",1.015,1.6985
"CR239199",1.015,1.6985
"CR239200",1.015,1.6985
"CR239201",1.015,1.6985
"CR239202",1.015,1.6985
"CR239203",1.015,1.6985
"CR239204",1.015,1.6985
"CR239205",1.015,1.6985
"CR239206",1.015,1.6985
"CR239207",1.015,1.6985
"CR239208",1.015,1.6985
"CR239211",1.015,1.6985
"CR240170",1.015,1.6985
"CR240171",1.015,1.6985
"CR240172",1.015,1.6985
"CR240173",1.015,1.6985
"CR240174",1.015,1.6985
"CR240175",1.015,1.6985
"CR240176",1.015,1.6985
"CR240177",1.015,1.6985
"CR240178",1.015,1.6985
"CR240179",1.015,1.6985
"CR240180",1.015,1.6985
"CR240181",1.015,1.6985
"CR240182",1.015,1.6985
"CR240183",1.015,1.6985
"CR240184",1.015,1.6985
"CR240185",1.015,1.6985
"CR240186",1.015,1.6985
"CR240187",1.015,1.6985
"CR240188",1.015,1.6985
"CR240189",1.015,1.6985
"CR240190",1.015,1.6985
"CR240191",1.015,1.6985
"CR240192",1.015,1.6985
"CR240193",1.015,1.6985
"CR240194",1.015,1.6985
"CR240195",1.015,1.6985
"CR240196",1.015,1.6985
"CR240197",1.015,1.6985
"CR240198",1.015,1.6985
"CR240199",1.015,1.6985
"CR240200",1.015,1.6985
"CR240201",1.015,1.6985
"CR240202",1.015,1.6985
"CR240203",1.015,1.6985
"CR240204",1.015,1.6985
"CR240205",1.015,1.6985
"CR240206",1.015,1.6985
"CR240207",1.015,1.6985
"CR240208",1.015,1.6985
"CR240209",1.015,1.6985
"CR240210",1.015,1.6985
"CR240211",1.015,1.6985
"CR240212",1.015,1.6985
"CR240213",1.015,1.6985
"CR241172",1.015,1.6985
"CR241173",1.015,1.6985
"CR241174",1.015,1.6985
"CR241175",1.015,1.6985
"CR241176",1.015,1.6985
"CR241177",1.015,1.6985
"CR241178",1.015,1.6985
"CR241179",1.015,1.6985
"CR241180",1.015,1.6985
"CR241181",1.015,1.6985
"CR241182",1.015,1.6985
"CR241183",1.015,1.6985
"CR241184",1.015,1.6985
"CR241185",1.015,1.6985
"CR241186",1.015,1.6985
"CR241187",1.015,1.6985
"CR241188",1.015,1.6985
"CR241189",1.015,1.6985
"CR241190",1.015,1.6985
"CR241191",1.015,1.6985
"CR241192",1.015,1.6985
"CR241193",1.015,1.6985
"CR241194",1.015,1.6985
"CR241195",1.015,1.6985
"CR241196",1.015,1.6985
"CR241197",1.015,1.6985
"CR241198",1.015,1.6985
"CR241199",1.015,1.6985
"CR241200",1.015,1.6985
"CR241201",1.015,1.6985
"CR241202",1.015,1.6985
"CR241203",1.015,1.6985
"CR241204",1.015,1.6985
"CR241205",1.015,1.603
"CR241206",1.015,1.603
"CR241207",1.015,1.6985
"CR241208",1.015,1.603
"CR241209",1.015,1.6985
"CR241210",1.015,1.6985
"CR241211",1.015,1.6985
"CR241212",1.015,1.6985
"CR241213",1.015,1.6985
"CR242177",1.015,1.6985
"CR242178",1.015,1.6985
"CR242179",1.015,1.6985
"CR242180",1.015,1.6985
"CR242181",1.015,1.6985
"CR242182",1.015,1.6985
"CR242183",1.015,1.6985
"CR242184",1.015,1.6985
"CR242185",1.015,1.6985
"CR242186",1.015,1.6985
"CR242187",1.015,1.6985
"CR242188",1.015,1.6985
"CR242189",1.015,1.6985
"CR242190",1.015,1.6985
"CR242191",1.015,1.6985
"CR242192",1.015,1.6985
"CR242193",1.015,1.6985
"CR242194",1.015,1.6985
"CR242195",1.015,1.6985
"CR242196",1.015,1.6985
"CR242197",1.015,1.6985
"CR242198",1.015,1.6985
"CR242199",1.015,1.6985
"CR242200",1.015,1.6985
"CR242201",1.015,1.6985
"CR242202",1.015,1.6985
"CR242203",1.015,1.6985
"CR242204",1.015,1.6985
"CR242205",1.015,1.603
"CR242206",1.015,1.603
"CR242207",1.015,1.603
"CR242208",1.015,1.603
"CR242209",1.015,1.603
"CR242210",1.015,1.603
"CR242211",1.015,1.6985
"CR242212",1.015,1.6985
"CR242213",1.015,1.6985
"CR243178",1.015,1.6985
"CR243179",1.015,1.6985
"CR243180",1.015,1.6985
"CR243181",1.015,1.6985
"CR243182",1.015,1.6985
"CR243183",1.015,1.6985
"CR243184",1.015,1.6985
"CR243185",1.015,1.6985
"CR243186",1.015,1.6985
"CR243187",1.015,1.6985
"CR243188",1.015,1.6985
"CR243189",1.015,1.6985
"CR243190",1.015,1.6985
"CR243191",1.015,1.6985
"CR243192",1.015,1.6985
"CR243193",1.015,1.6985
"CR243194",1.015,1.6985
"CR243195",1.015,1.6985
"CR243196",1.015,1.6985
"CR243197",1.015,1.6985
"CR243198",1.015,1.6985
"CR243199",1.015,1.6985
"CR243200",1.015,1.6985
"CR243201",1.015,1.6985
"CR243202",1.015,1.6985
"CR243203",1.015,1.6985
"CR243204",1.015,1.6985
"CR243205",1.015,1.603
"CR243206",1.015,1.603
"CR243207",1.015,1.603
"CR243208",1.015,1.603
"CR243209",1.015,1.603
"CR243210",1.015,1.603
"CR243211",1.015,1.6985
"CR243212",1.015,1.6985
"CR243213",0,0
"CR244177",1.015,1.6985
"CR244178",1.015,1.6985
"CR244179",1.015,1.6985
"CR244180",1.015,1.6985
"CR244181",1.015,1.6985
"CR244182",1.015,1.6985
"CR244183",1.015,1.6985
"CR244184",1.015,1.6985
"CR244185",1.015,1.6985
"CR244186",1.015,1.6985
"CR244187",1.015,1.6985
"CR244188",1.015,1.6985
"CR244189",1.015,1.6985
"CR244190",1.015,1.6985
"CR244191",1.015,1.6985
"CR244192",1.015,1.6985
"CR244193",1.015,1.6985
"CR244194",1.015,1.6985
"CR244195",1.015,1.6985
"CR244196",1.015,1.6985
"CR244197",1.015,1.6985
"CR244198",1.015,1.6985
"CR244199",1.015,1.6985
"CR244200",1.015,1.6985
"CR244201",1.015,1.6985
"CR244202",1.015,1.6985
"CR244203",1.015,1.6985
"CR244204",1.015,1.6985
"CR244205",1.015,1.6985
"CR244206",1.015,1.603
"CR244207",1.015,1.603
"CR244208",1.015,1.603
"CR244209",1.015,1.603
"CR244210",1.015,1.603
"CR244211",1.015,1.6985
"CR244212",1.015,1.6985
"CR244213",1.015,1.6985
"CR244214",0,0
"CR244215",0,0
"CR244220",0,0
"CR244221",0,0
"CR245177",1.015,1.6985
"CR245178",1.015,1.6985
"CR245179",1.015,1.6985
"CR245180",1.015,1.6985
"CR245181",1.015,1.6985
"CR245182",1.015,1.6985
"CR245183",1.015,1.6985
"CR245184",1.015,1.6985
"CR245185",1.015,1.6985
"CR245186",1.015,1.6985
"CR245187",1.015,1.6985
"CR245188",1.015,1.6985
"CR245189",1.015,1.6985
"CR245190",1.015,1.6985
"CR245191",1.015,1.6985
"CR245192",1.015,1.6985
"CR245193",1.015,1.6985
"CR245194",1.015,1.6985
"CR245195",1.015,1.6985
"CR245196",1.015,1.6985
"CR245197",1.015,1.6985
"CR245198",1.015,1.6985
"CR245199",1.015,1.6985
"CR245200",1.015,1.6985
"CR245201",1.015,1.6985
"CR245202",1.015,1.6985
"CR245203",1.015,1.6985
"CR245204",1.015,1.6985
"CR245205",1.015,1.6985
"CR245206",1.015,1.6985
"CR245207",1.015,1.603
"CR245208",1.015,1.603
"CR245209",1.015,1.603
"CR245210",1.015,1.6985
"CR245211",1.015,1.6985
"CR245212",1.015,1.6985
"CR245213",0,0
"CR245214",0,0
"CR245215",0,0
"CR245216",0,0
"CR245217",0,0
"CR245218",0,0
"CR245219",0,0
"CR245220",0,0
"CR245221",0,0
"CR245222",0,0
"CR245223",0,0
"CR245224",0,0
"CR245225",0,0
"CR245241",0,0
"CR246177",1.015,1.6985
"CR246178",1.015,1.6985
"CR246179",1.015,1.6985
"CR246180",1.015,1.6985
"CR246181",1.015,1.6985
"CR246182",1.015,1.6985
"CR246183",1.015,1.6985
"CR246184",1.015,1.6985
"CR246185",1.015,1.6985
"CR246186",1.015,1.6985
"CR246187",1.015,1.6985
"CR246188",1.015,1.6985
"CR246189",1.015,1.6985
"CR246190",1.015,1.6985
"CR246191",1.015,1.6985
"CR246192",1.015,1.6985
"CR246193",1.015,1.6985
"CR246194",1.015,1.6985
"CR246195",1.015,1.6985
"CR246196",1.015,1.6985
"CR246197",1.015,1.6985
"CR246198",1.015,1.6985
"CR246199",1.015,1.6985
"CR246200",1.015,1.6985
"CR246201",1.015,1.6985
"CR246202",1.015,1.6985
"CR246203",1.015,1.6985
"CR246204",1.015,1.6985
"CR246205",1.015,1.6985
"CR246206",1.015,1.6985
"CR246207",1.015,1.6985
"CR246208",1.015,1.603
"CR246209",1.015,1.6985
"CR246210",1.015,1.6985
"CR246211",1.015,1.6985
"CR246212",1.015,1.603
"CR246213",0,0
"CR246214",0,0
"CR246215",0,0
"CR246216",0,0
"CR246217",0,0
"CR246218",0,0
"CR246219",0,0
"CR246220",0,0
"CR246221",0,0
"CR246222",0,0
"CR246223",0,0
"CR246224",1.015,1.603
"CR246225",1.015,1.603
"CR246240",0,0
"CR246241",0,0
"CR247177",1.015,1.6985
"CR247178",1.015,1.6985
"CR247179",1.015,1.6985
"CR247180",1.015,1.6985
"CR247181",1.015,1.6985
"CR247182",1.015,1.6985
"CR247183",1.015,1.6985
"CR247184",1.015,1.6985
"CR247185",1.015,1.6985
"CR247186",1.015,1.6985
"CR247187",1.015,1.6985
"CR247188",1.015,1.6985
"CR247189",1.015,1.6985
"CR247190",1.015,1.6985
"CR247191",1.015,1.6985
"CR247192",1.015,1.6985
"CR247193",1.015,1.6985
"CR247194",1.015,1.6985
"CR247195",1.015,1.6985
"CR247196",1.015,1.6985
"CR247197",1.015,1.6985
"CR247198",1.015,1.6985
"CR247199",1.015,1.6985
"CR247200",1.015,1.6985
"CR247201",1.015,1.6985
"CR247202",1.015,1.6985
"CR247203",1.015,1.6985
"CR247204",1.015,1.6985
"CR247205",1.015,1.6985
"CR247206",1.015,1.6985
"CR247207",1.015,1.6985
"CR247208",1.015,1.6985
"CR247209",1.015,1.6985
"CR247210",1.015,1.6985
"CR247211",1.015,1.603
"CR247212",1.015,1.603
"CR247213",1.015,1.603
"CR247214",0,0
"CR247215",0,0
"CR247216",0,0
"CR247217",0,0
"CR247218",0,0
"CR247219",0,0
"CR247220",0,0
"CR247221",1.015,1.603
"CR247222",1.015,1.603
"CR247223",1.015,1.603
"CR247224",1.015,1.603
"CR247225",1.015,1.603
"CR247239",0,0
"CR247240",0,0
"CR247241",0,0
"CR248176",1.015,1.6985
"CR248177",1.015,1.6985
"CR248178",1.015,1.6985
"CR248179",1.015,1.6985
"CR248180",1.015,1.6985
"CR248181",1.015,1.6985
"CR248182",1.015,1.6985
"CR248183",1.015,1.6985
"CR248184",1.015,1.6985
"CR248185",1.015,1.6985
"CR248186",1.015,1.6985
"CR248187",1.015,1.6985
"CR248188",1.015,1.6985
"CR248189",1.015,1.6985
"CR248190",1.015,1.6985
"CR248191",1.015,1.6985
"CR248192",1.015,1.6985
"CR248193",1.015,1.6985
"CR248194",1.015,1.6985
"CR248195",1.015,1.6985
"CR248196",1.015,1.6985
"CR248197",1.015,1.6985
"CR248198",1.015,1.6985
"CR248199",1.015,1.6985
"CR248200",1.015,1.6985
"CR248201",1.015,1.6985
"CR248202",1.015,1.6985
"CR248203",1.015,1.6985
"CR248204",1.015,1.6985
"CR248205",1.015,1.6985
"CR248206",1.015,1.603
"CR248207",1.015,1.603
"CR248208",1.015,1.6985
"CR248209",1.015,1.603
"CR248210",1.015,1.603
"CR248211",1.015,1.603
"CR248212",1.015,1.603
"CR248213",0,0
"CR248214",0,0
"CR248215",0,0
"CR248216",0,0
"CR248217",0,0
"CR248218",0,0
"CR248219",0,0
"CR248220",0,0
"CR248221",1.015,1.603
"CR248222",1.015,1.603
"CR248223",1.015,1.603
"CR248224",1.015,1.603
"CR248225",1.015,1.603
"CR248238",0,0
"CR248239",0,0
"CR248240",0,0
"CR248241",0,0
"CR248242",0,0
"CR249176",1.015,1.6985
"CR249177",1.015,1.6985
"CR249178",1.015,1.6985
"CR249179",1.015,1.6985
"CR249180",1.015,1.6985
"CR249181",1.015,1.6985
"CR249182",1.015,1.6985
"CR249183",1.015,1.6985
"CR249184",1.015,1.6985
"CR249185",1.015,1.6985
"CR249186",1.015,1.6985
"CR249187",1.015,1.6985
"CR249188",1.015,1.6985
"CR249189",1.015,1.6985
"CR249190",1.015,1.6985
"CR249191",1.015,1.6985
"CR249192",1.015,1.6985
"CR249193",1.015,1.6985
"CR249194",1.015,1.6985
"CR249195",1.015,1.6985
"CR249196",1.015,1.6985
"CR249197",1.015,1.6985
"CR249198",1.015,1.6985
"CR249199",1.015,1.6985
"CR249200",1.015,1.6985
"CR249201",1.015,1.6985
"CR249202",1.015,1.6985
"CR249203",1.015,1.6985
"CR249204",1.015,1.6985
"CR249205",1.015,1.6985
"CR249206",1.015,1.603
"CR249207",1.015,1.603
"CR249208",1.015,1.603
"CR249209",1.015,1.603
"CR249210",1.015,1.603
"CR249211",1.015,1.603
"CR249212",1.015,1.603
"CR249213",1.015,1.603
"CR249214",0,0
"CR249215",0,0
"CR249216",0,0
"CR249217",0,0
"CR249218",0,0
"CR249219",0,0
"CR249220",0,0
"CR249221",0,0
"CR249222",1.015,1.603
"CR249223",1.015,1.603
"CR249224",1.015,1.603
"CR249225",1.315,1.603
"CR249226",1.015,1.603
"CR249227",1.015,1.603
"CR249237",0,0
"CR249238",0,0
"CR249239",0,0
"CR249240",0,0
"CR249241",0,0
"CR249242",0,0
"CR249243",0,0
"CR250175",1.015,1.6985
"CR250176",1.015,1.6985
"CR250177",1.015,1.6985
"CR250178",1.015,1.6985
"CR250179",1.015,1.6985
"CR250180",1.015,1.6985
"CR250181",1.015,1.6985
"CR250182",1.015,1.6985
"CR250183",1.015,1.6985
"CR250184",1.015,1.6985
"CR250185",1.015,1.6985
"CR250186",1.015,1.6985
"CR250187",1.015,1.6985
"CR250188",1.015,1.6985
"CR250189",1.015,1.6985
"CR250190",1.015,1.6985
"CR250191",1.015,1.6985
"CR250192",1.015,1.6985
"CR250193",1.015,1.6985
"CR250194",1.015,1.6985
"CR250195",1.015,1.6985
"CR250196",1.015,1.6985
"CR250197",1.015,1.6985
"CR250198",1.015,1.6985
"CR250199",1.015,1.6985
"CR250200",1.015,1.6985
"CR250201",1.015,1.6985
"CR250202",1.015,1.6985
"CR250203",1.015,1.6985
"CR250204",1.015,1.6985
"CR250205",1.015,1.6985
"CR250206",1.015,1.6985
"CR250207",1.015,1.603
"CR250208",1.015,1.603
"CR250209",1.015,1.603
"CR250210",1.015,1.603
"CR250211",1.015,1.603
"CR250212",1.015,1.603
"CR250213",1.015,1.603
"CR250214",0,0
"CR250215",0,0
"CR250216",0,0
"CR250217",0,0
"CR250218",0,0
"CR250219",0,0
"CR250220",1.015,1.603
"CR250221",1.015,1.603
"CR250222",1.015,1.603
"CR250223",1.015,1.603
"CR250224",1.015,1.603
"CR250225",1.015,1.603
"CR250226",1.015,1.603
"CR250227",1.315,1.603
"CR250228",1.315,1.603
"CR250236",0,0
"CR250237",0,0
"CR250238",0,0
"CR250239",0,0
"CR250240",0,0
"CR250241",0,0
"CR250242",0,0
"CR250243",0,0
"CR251176",1.015,1.6985
"CR251177",1.015,1.6985
"CR251178",1.015,1.6985
"CR251179",1.015,1.6985
"CR251180",1.015,1.6985
"CR251181",1.015,1.6985
"CR251182",1.015,1.6985
"CR251183",1.015,1.6985
"CR251184",1.015,1.6985
"CR251185",1.015,1.6985
"CR251186",1.015,1.6985
"CR251187",1.015,1.6985
"CR251188",1.015,1.6985
"CR251189",1.015,1.6985
"CR251190",1.015,1.6985
"CR251191",1.015,1.6985
"CR251192",1.015,1.6985
"CR251193",1.015,1.6985
"CR251194",1.015,1.6985
"CR251195",1.015,1.6985
"CR251196",1.015,1.6985
"CR251197",1.015,1.6985
"CR251198",1.015,1.6985
"CR251199",1.015,1.6985
"CR251200",1.015,1.6985
"CR251201",1.015,1.6985
"CR251202",1.015,1.6985
"CR251203",1.015,1.6985
"CR251204",1.015,1.6985
"CR251205",1.015,1.6985
"CR251206",1.015,1.6985
"CR251207",1.015,1.6985
"CR251208",1.015,1.603
"CR251209",1.015,1.603
"CR251210",1.015,1.603
"CR251211",1.015,1.603
"CR251212",1.015,1.603
"CR251213",1.015,1.603
"CR251214",1.015,1.603
"CR251215",1.015,1.603
"CR251216",1.015,1.603
"CR251217",1.015,1.603
"CR251218",1.015,1.603
"CR251219",1.015,1.603
"CR251220",1.015,1.603
"CR251221",1.015,1.603
"CR251222",1.015,1.603
"CR251223",1.015,1.603
"CR251224",1.015,1.603
"CR251225",0,0
"CR251226",0,0
"CR251227",1.015,1.603
"CR251228",0,0
"CR251231",0,0
"CR251232",0,0
"CR251236",0,0
"CR251237",0,0
"CR251238",0,0
"CR251239",0,0
"CR251240",0,0
"CR251241",0,0
"CR251242",0,0
"CR251243",0,0
"CR252176",1.015,1.6985
"CR252177",1.015,1.6985
"CR252178",1.015,1.6985
"CR252179",1.015,1.6985
"CR252180",1.015,1.6985
"CR252181",1.015,1.6985
"CR252182",1.015,1.6985
"CR252183",1.015,1.6985
"CR252184",1.015,1.6985
"CR252185",1.015,1.6985
"CR252186",1.015,1.6985
"CR252187",1.015,1.6985
"CR252188",1.015,1.6985
"CR252189",1.015,1.6985
"CR252190",1.015,1.6985
"CR252191",1.015,1.6985
"CR252192",1.015,1.6985
"CR252193",1.015,1.6985
"CR252194",1.015,1.6985
"CR252195",1.015,1.6985
"CR252196",1.015,1.6985
"CR252197",1.015,1.6985
"CR252198",1.015,1.6985
"CR252199",1.015,1.6985
"CR252200",1.015,1.6985
"CR252201",1.015,1.6985
"CR252202",1.015,1.6985
"CR252203",1.015,1.6985
"CR252204",1.015,1.6985
"CR252205",1.015,1.6985
"CR252206",1.015,1.6985
"CR252207",1.015,1.6985
"CR252208",1.015,1.603
"CR252209",1.015,1.603
"CR252210",1.015,1.603
"CR252211",1.015,1.603
"CR252212",1.015,1.603
"CR252213",1.015,1.603
"CR252214",1.015,1.603
"CR252215",1.015,1.603
"CR252216",1.015,1.603
"CR252217",1.015,1.603
"CR252218",1.015,1.603
"CR252219",1.015,1.603
"CR252220",1.015,1.603
"CR252221",1.015,1.603
"CR252222",1.015,1.603
"CR252223",1.015,1.603
"CR252224",0,0
"CR252225",0,0
"CR252226",0,0
"CR252227",0,0
"CR252228",0,0
"CR252229",0,0
"CR252230",0,0
"CR252231",0,0
"CR252232",0,0
"CR252235",0,0
"CR252236",0,0
"CR252237",0,0
"CR252238",0,0
"CR252239",0,0
"CR252240",0,0
"CR252241",0,0
"CR252242",0,0
"CR252243",0,0
"CR252244",0,0
"CR253176",1.015,1.6985
"CR253177",1.015,1.6985
"CR253178",1.015,1.6985
"CR253179",1.015,1.6985
"CR253180",1.015,1.6985
"CR253181",1.015,1.6985
"CR253182",1.015,1.6985
"CR253183",1.015,1.6985
"CR253184",1.015,1.6985
"CR253185",1.015,1.6985
"CR253186",1.015,1.6985
"CR253187",1.015,1.6985
"CR253188",1.015,1.6985
"CR253189",1.015,1.6985
"CR253190",1.015,1.6985
"CR253191",1.015,1.6985
"CR253192",1.015,1.6985
"CR253193",1.015,1.6985
"CR253194",1.015,1.6985
"CR253195",1.015,1.6985
"CR253196",1.015,1.6985
"CR253197",1.015,1.6985
"CR253198",1.015,1.6985
"CR253199",1.015,1.6985
"CR253200",1.015,1.6985
"CR253201",1.015,1.6985
"CR253202",1.015,1.6985
"CR253203",1.015,1.6985
"CR253204",1.015,1.6985
"CR253205",1.015,1.6985
"CR253206",1.015,1.6985
"CR253207",1.015,1.6985
"CR253208",1.015,1.603
"CR253209",1.015,1.603
"CR253210",1.015,1.603
"CR253211",1.015,1.603
"CR253212",1.015,1.603
"CR253213",1.015,1.603
"CR253214",1.015,1.603
"CR253215",1.015,1.603
"CR253216",1.015,1.603
"CR253217",1.015,1.603
"CR253218",1.015,1.603
"CR253219",1.015,1.603
"CR253220",1.015,1.603
"CR253221",1.015,1.603
"CR253222",1.015,1.603
"CR253223",1.015,1.603
"CR253224",1.015,1.603
"CR253225",0,0
"CR253226",0,0
"CR253227",0,0
"CR253228",0,0
"CR253229",0,0
"CR253230",0,0
"CR253231",0,0
"CR253232",0,0
"CR253233",0,0
"CR253234",0,0
"CR253235",0,0
"CR253236",0,0
"CR253237",0,0
"CR253238",0,0
"CR253239",0,0
"CR253240",0,0
"CR253241",0,0
"CR253242",0,0
"CR253243",0,0
"CR253244",0,0
"CR253245",0,0
"CR254176",1.015,1.6985
"CR254177",1.015,1.6985
"CR254178",1.015,1.6985
"CR254179",1.015,1.6985
"CR254180",1.015,1.6985
"CR254181",1.015,1.6985
"CR254182",1.015,1.6985
"CR254183",1.015,1.6985
"CR254184",1.015,1.6985
"CR254185",1.015,1.6985
"CR254186",1.015,1.6985
"CR254187",1.015,1.6985
"CR254188",1.015,1.6985
"CR254189",1.015,1.6985
"CR254190",1.015,1.6985
"CR254191",1.015,1.6985
"CR254192",1.015,1.6985
"CR254193",1.015,1.6985
"CR254194",1.015,1.6985
"CR254195",1.015,1.6985
"CR254196",1.015,1.6985
"CR254197",1.015,1.6985
"CR254198",1.015,1.6985
"CR254199",1.015,1.6985
"CR254200",1.015,1.6985
"CR254201",1.015,1.6985
"CR254202",1.015,1.6985
"CR254203",1.015,1.6985
"CR254204",1.015,1.6985
"CR254205",1.015,1.6985
"CR254206",1.015,1.6985
"CR254207",1.015,1.6985
"CR254208",1.015,1.603
"CR254209",1.015,1.603
"CR254210",1.015,1.603
"CR254211",1.015,1.603
"CR254212",1.015,1.603
"CR254213",1.015,1.603
"CR254214",1.015,1.603
"CR254215",1.015,1.603
"CR254216",1.015,1.603
"CR254217",1.015,1.603
"CR254218",1.015,1.603
"CR254219",1.015,1.603
"CR254220",1.015,1.603
"CR254221",1.015,1.603
"CR254222",1.015,1.603
"CR254223",1.015,1.603
"CR254224",1.015,1.603
"CR254225",0,0
"CR254226",0,0
"CR254227",0,0
"CR254228",0,0
"CR254229",0,0
"CR254230",0,0
"CR254231",0,0
"CR254232",0,0
"CR254233",0,0
"CR254234",0,0
"CR254235",0,0
"CR254236",0,0
"CR254237",0,0
"CR254238",0,0
"CR254239",0,0
"CR254240",0,0
"CR254241",0,0
"CR254242",0,0
"CR254243",0,0
"CR254244",0,0
"CR254245",0,0
"CR254246",0,0
"CR254247",0,0
"CR254248",0,0
"CR255175",0,0
"CR255176",1.015,1.6985
"CR255177",1.015,1.6985
"CR255178",1.015,1.6985
"CR255179",1.015,1.6985
"CR255180",1.015,1.6985
"CR255181",1.015,1.6985
"CR255182",1.015,1.6985
"CR255183",1.015,1.6985
"CR255184",1.015,1.6985
"CR255185",1.015,1.6985
"CR255186",1.015,1.6985
"CR255187",1.015,1.6985
"CR255188",1.015,1.6985
"CR255189",1.015,1.6985
"CR255190",1.015,1.6985
"CR255191",1.015,1.6985
"CR255192",1.015,1.6985
"CR255193",1.015,1.6985
"CR255194",1.015,1.6985
"CR255195",1.015,1.6985
"CR255196",1.015,1.6985
"CR255197",1.015,1.6985
"CR255198",1.015,1.6985
"CR255199",1.015,1.6985
"CR255200",1.015,1.6985
"CR255201",1.015,1.6985
"CR255202",1.015,1.6985
"CR255203",1.015,1.6985
"CR255204",1.015,1.6985
"CR255205",1.015,1.6985
"CR255206",1.015,1.6985
"CR255207",1.015,1.6985
"CR255208",1.015,1.603
"CR255209",1.015,1.603
"CR255210",1.015,1.603
"CR255211",1.015,1.603
"CR255212",1.015,1.603
"CR255213",1.015,1.603
"CR255214",1.015,1.603
"CR255215",1.015,1.603
"CR255216",1.015,1.603
"CR255217",1.015,1.603
"CR255218",1.015,1.603
"CR255219",1.015,1.603
"CR255220",1.015,1.603
"CR255221",1.015,1.603
"CR255222",1.015,1.603
"CR255223",1.015,1.603
"CR255224",1.015,1.603
"CR255225",0,0
"CR255226",0,0
"CR255227",0,0
"CR255228",0,0
"CR255229",0,0
"CR255230",0,0
"CR255231",0,0
"CR255232",0,0
"CR255233",0,0
"CR255234",0,0
"CR255235",0,0
"CR255236",0,0
"CR255237",0,0
"CR255238",0,0
"CR255239",0,0
"CR255240",0,0
"CR255241",0,0
"CR255242",0,0
"CR255243",0,0
"CR255244",0,0
"CR255245",0,0
"CR255246",0,0
"CR255247",0,0
"CR256173",1.015,1.6985
"CR256174",1.015,1.6985
"CR256175",1.015,1.6985
"CR256176",1.015,1.6985
"CR256177",1.015,1.6985
"CR256178",1.015,1.6985
"CR256179",1.015,1.6985
"CR256180",1.015,1.6985
"CR256181",1.015,1.6985
"CR256182",1.015,1.6985
"CR256183",1.015,1.6985
"CR256184",1.015,1.6985
"CR256185",1.015,1.6985
"CR256186",1.015,1.6985
"CR256187",1.015,1.6985
"CR256188",1.015,1.6985
"CR256189",1.015,1.6985
"CR256190",1.015,1.6985
"CR256191",1.015,1.6985
"CR256192",1.015,1.6985
"CR256193",1.015,1.6985
"CR256194",1.015,1.6985
"CR256195",1.015,1.6985
"CR256196",1.015,1.6985
"CR256197",1.015,1.6985
"CR256198",1.015,1.6985
"CR256199",1.015,1.6985
"CR256200",1.015,1.6985
"CR256201",1.015,1.6985
"CR256202",1.015,1.6985
"CR256203",1.015,1.6985
"CR256204",1.015,1.6985
"CR256205",1.015,1.6985
"CR256206",1.015,1.6985
"CR256207",1.015,1.603
"CR256208",1.015,1.603
"CR256209",1.015,1.603
"CR256210",1.015,1.603
"CR256211",1.015,1.603
"CR256212",1.015,1.603
"CR256213",1.015,1.603
"CR256214",1.015,1.603
"CR256215",1.015,1.603
"CR256216",1.015,1.603
"CR256217",1.015,1.603
"CR256218",1.015,1.603
"CR256219",1.015,1.603
"CR256220",1.015,1.603
"CR256221",1.015,1.603
"CR256222",1.015,1.603
"CR256223",1.015,1.603
"CR256224",0,0
"CR256225",0,0
"CR256226",0,0
"CR256227",0,0
"CR256228",0,0
"CR256229",0,0
"CR256230",0,0
"CR256231",0,0
"CR256232",0,0
"CR256233",0,0
"CR256234",0,0
"CR256235",0,0
"CR256236",0,0
"CR256237",0,0
"CR256238",0,0
"CR256239",0,0
"CR256240",0,0
"CR256241",0,0
"CR256242",0,0
"CR256243",0,0
"CR256244",0,0
"CR256245",0,0
"CR256246",0,0
"CR257172",1.015,1.6985
"CR257173",1.015,1.6985
"CR257174",1.015,1.6985
"CR257175",1.015,1.6985
"CR257176",1.015,1.6985
"CR257177",1.015,1.6985
"CR257178",1.015,1.6985
"CR257179",1.015,1.6985
"CR257180",1.015,1.6985
"CR257181",1.015,1.6985
"CR257182",1.015,1.6985
"CR257183",1.015,1.6985
"CR257184",1.015,1.6985
"CR257185",1.015,1.6985
"CR257186",1.015,1.6985
"CR257187",1.015,1.6985
"CR257188",1.015,1.6985
"CR257189",1.015,1.6985
"CR257190",1.015,1.6985
"CR257191",1.015,1.6985
"CR257192",1.015,1.6985
"CR257193",1.015,1.6985
"CR257194",1.015,1.6985
"CR257195",1.015,1.6985
"CR257196",1.015,1.6985
"CR257197",1.015,1.6985
"CR257198",1.015,1.6985
"CR257199",1.015,1.6985
"CR257200",1.015,1.6985
"CR257201",1.015,1.6985
"CR257202",1.015,1.603
"CR257203",1.015,1.6985
"CR257204",1.015,1.6985
"CR257205",1.015,1.6985
"CR257206",1.015,1.603
"CR257207",1.015,1.603
"CR257208",1.015,1.603
"CR257209",1.015,1.603
"CR257210",1.015,1.603
"CR257211",1.015,1.603
"CR257212",1.015,1.603
"CR257213",1.015,1.603
"CR257214",1.015,1.603
"CR257215",1.015,1.603
"CR257216",1.015,1.603
"CR257217",1.015,1.603
"CR257218",1.015,1.603
"CR257219",1.015,1.603
"CR257220",1.015,1.603
"CR257221",1.015,1.603
"CR257222",1.015,1.603
"CR257223",0,0
"CR257224",0,0
"CR257225",1.015,1.603
"CR257226",0,0
"CR257227",0,0
"CR257228",0,0
"CR257229",0,0
"CR257230",0,0
"CR257231",0,0
"CR257232",0,0
"CR257233",0,0
"CR257234",0,0
"CR257235",0,0
"CR257236",0,0
"CR257237",0,0
"CR257238",0,0
"CR257239",0,0
"CR257240",0,0
"CR257241",0,0
"CR257242",0,0
"CR257243",0,0
"CR257244",0,0
"CR258172",1.015,1.6985
"CR258173",1.015,1.6985
"CR258174",1.015,1.6985
"CR258175",1.015,1.6985
"CR258176",1.015,1.6985
"CR258177",1.015,1.6985
"CR258178",1.015,1.6985
"CR258179",1.015,1.6985
"CR258180",1.015,1.6985
"CR258181",1.015,1.6985
"CR258182",1.015,1.6985
"CR258183",1.015,1.6985
"CR258184",1.015,1.6985
"CR258185",1.015,1.6985
"CR258186",1.015,1.6985
"CR258187",1.015,1.6985
"CR258188",1.015,1.6985
"CR258189",1.015,1.6985
"CR258190",1.015,1.6985
"CR258191",1.015,1.6985
"CR258192",1.015,1.6985
"CR258193",1.015,1.6985
"CR258194",1.015,1.6985
"CR258195",1.015,1.6985
"CR258196",1.015,1.6985
"CR258197",1.015,1.6985
"CR258198",1.015,1.6985
"CR258199",1.015,1.6985
"CR258200",1.015,1.6985
"CR258201",1.015,1.6985
"CR258202",1.015,1.6985
"CR258203",1.015,1.603
"CR258204",1.015,1.603
"CR258205",1.015,1.603
"CR258206",1.015,1.603
"CR258207",1.015,1.603
"CR258208",1.015,1.603
"CR258209",1.015,1.603
"CR258210",1.015,1.603
"CR258211",1.015,1.603
"CR258212",1.015,1.603
"CR258213",1.015,1.603
"CR258214",1.015,1.603
"CR258215",1.015,1.603
"CR258216",1.015,1.603
"CR258217",1.015,1.603
"CR258218",1.015,1.603
"CR258219",1.015,1.603
"CR258220",1.015,1.603
"CR258221",1.015,1.603
"CR258222",0,0
"CR258223",0,0
"CR258224",0,0
"CR258225",0,0
"CR258226",0,0
"CR258227",0,0
"CR258228",0,0
"CR258229",0,0
"CR258230",0,0
"CR258231",0,0
"CR258232",0,0
"CR258233",0,0
"CR258234",0,0
"CR258235",0,0
"CR258236",0,0
"CR258237",0,0
"CR258238",0,0
"CR258239",0,0
"CR258240",0,0
"CR258241",0,0
"CR258242",0,0
"CR258243",0,0
"CR258244",0,0
"CR259175",1.015,1.6985
"CR259176",1.015,1.6985
"CR259177",1.015,1.6985
"CR259178",1.015,1.6985
"CR259179",1.015,1.6985
"CR259180",1.015,1.6985
"CR259181",1.015,1.6985
"CR259182",1.015,1.6985
"CR259183",1.015,1.6985
"CR259184",1.015,1.6985
"CR259185",1.015,1.6985
"CR259186",1.015,1.6985
"CR259187",1.015,1.6985
"CR259188",1.015,1.6985
"CR259189",1.015,1.6985
"CR259190",1.015,1.6985
"CR259191",1.015,1.6985
"CR259192",1.015,1.6985
"CR259193",1.015,1.6985
"CR259194",1.015,1.6985
"CR259195",1.015,1.6985
"CR259196",1.015,1.6985
"CR259197",1.015,1.6985
"CR259198",1.015,1.6985
"CR259199",1.015,1.6985
"CR259200",1.015,1.6985
"CR259201",1.015,1.6985
"CR259202",1.015,1.603
"CR259203",1.015,1.603
"CR259204",1.015,1.603
"CR259205",1.015,1.603
"CR259206",1.015,1.603
"CR259207",1.015,1.603
"CR259208",1.015,1.603
"CR259209",1.015,1.603
"CR259210",1.015,1.603
"CR259211",1.015,1.603
"CR259212",1.015,1.603
"CR259213",1.015,1.603
"CR259214",1.015,1.603
"CR259215",1.015,1.603
"CR259216",1.015,1.603
"CR259217",1.015,1.603
"CR259218",1.015,1.603
"CR259219",0,0
"CR259220",1.015,1.603
"CR259221",0,0
"CR259222",0,0
"CR259223",0,0
"CR259224",0,0
"CR259225",0,0
"CR259226",0,0
"CR259227",0,0
"CR259228",0,0
"CR259229",0,0
"CR259230",0,0
"CR259231",0,0
"CR259232",0,0
"CR259233",0,0
"CR259234",0,0
"CR259235",0,0
"CR259236",0,0
"CR259237",0,0
"CR259238",0,0
"CR259239",0,0
"CR259240",0,0
"CR259241",0,0
"CR259242",0,0
"CR259243",0,0
"CR260176",1.015,1.6985
"CR260177",1.015,1.6985
"CR260178",1.015,1.6985
"CR260179",1.015,1.6985
"CR260180",1.015,1.6985
"CR260181",1.015,1.6985
"CR260182",1.015,1.6985
"CR260183",1.015,1.6985
"CR260184",1.015,1.6985
"CR260185",1.015,1.6985
"CR260186",1.015,1.6985
"CR260187",1.015,1.6985
"CR260188",1.015,1.6985
"CR260189",1.015,1.6985
"CR260190",1.015,1.6985
"CR260191",1.015,1.6985
"CR260192",1.015,1.6985
"CR260193",1.015,1.6985
"CR260194",1.015,1.6985
"CR260195",1.015,1.6985
"CR260196",1.015,1.6985
"CR260197",1.015,1.6985
"CR260198",1.015,1.6985
"CR260199",1.015,1.6985
"CR260200",1.015,1.6985
"CR260201",1.015,1.603
"CR260202",1.015,1.603
"CR260203",1.015,1.603
"CR260204",1.015,1.603
"CR260205",1.015,1.603
"CR260206",1.015,1.603
"CR260207",1.015,1.603
"CR260208",1.015,1.603
"CR260209",1.015,1.603
"CR260210",1.015,1.603
"CR260211",1.015,1.603
"CR260212",1.015,1.603
"CR260213",1.015,1.603
"CR260214",1.015,1.603
"CR260215",1.015,1.603
"CR260216",1.015,1.603
"CR260217",1.015,1.603
"CR260218",1.015,1.603
"CR260219",1.015,1.603
"CR260220",1.015,1.603
"CR260221",0,0
"CR260222",0,0
"CR260223",0,0
"CR260224",0,0
"CR260225",0,0
"CR260226",0,0
"CR260227",0,0
"CR260228",0,0
"CR260229",0,0
"CR260230",0,0
"CR260231",0,0
"CR260232",0,0
"CR260233",0,0
"CR260234",0,0
"CR260235",0,0
"CR260236",0,0
"CR260237",0,0
"CR260238",0,0
"CR260239",0,0
"CR260240",0,0
"CR260241",0,0
"CR260242",0,0
"CR261178",1.015,1.6985
"CR261180",1.015,1.6985
"CR261181",1.015,1.6985
"CR261182",1.015,1.6985
"CR261183",1.015,1.6985
"CR261184",1.015,1.6985
"CR261185",1.015,1.6985
"CR261186",1.015,1.6985
"CR261187",1.015,1.6985
"CR261188",1.015,1.6985
"CR261189",1.015,1.6985
"CR261190",1.015,1.6985
"CR261191",1.015,1.6985
"CR261192",1.015,1.6985
"CR261193",1.015,1.6985
"CR261194",1.015,1.6985
"CR261195",1.015,1.6985
"CR261196",1.015,1.603
"CR261197",1.015,1.603
"CR261198",1.015,1.603
"CR261199",1.015,1.603
"CR261200",1.015,1.603
"CR261201",1.015,1.603
"CR261202",1.015,1.603
"CR261203",1.015,1.603
"CR261204",1.015,1.603
"CR261205",1.015,1.603
"CR261206",1.015,1.603
"CR261207",1.015,1.603
"CR261208",1.015,1.603
"CR261209",1.015,1.603
"CR261210",1.015,1.603
"CR261211",1.015,1.603
"CR261212",1.015,1.603
"CR261213",1.015,1.603
"CR261214",1.015,1.603
"CR261215",1.015,1.603
"CR261216",1.015,1.603
"CR261217",1.015,1.603
"CR261218",0,0
"CR261219",1.015,1.603
"CR261220",1.015,1.603
"CR261221",0,0
"CR261222",0,0
"CR261223",0,0
"CR261224",0,0
"CR261225",0,0
"CR261226",0,0
"CR261227",0,0
"CR261228",0,0
"CR261229",1.315,1.603
"CR261230",0,0
"CR261231",0,0
"CR261232",0,0
"CR261233",0,0
"CR261234",0,0
"CR261235",0,0
"CR261236",0,0
"CR261237",0,0
"CR261238",0,0
"CR261239",0,0
"CR261240",0,0
"CR262181",1.015,1.6985
"CR262182",1.015,1.6985
"CR262183",1.015,1.6985
"CR262184",1.015,1.6985
"CR262185",1.015,1.6985
"CR262186",1.015,1.6985
"CR262187",1.015,1.6985
"CR262188",1.015,1.6985
"CR262189",1.015,1.6985
"CR262190",1.015,1.6985
"CR262191",1.015,1.6985
"CR262192",1.015,1.6985
"CR262193",1.015,1.6985
"CR262194",1.015,1.6985
"CR262195",1.015,1.6985
"CR262196",1.015,1.6985
"CR262197",1.015,1.603
"CR262198",1.015,1.603
"CR262199",1.015,1.603
"CR262200",1.015,1.603
"CR262201",1.015,1.603
"CR262202",1.015,1.603
"CR262203",1.015,1.603
"CR262204",1.015,1.603
"CR262205",1.015,1.603
"CR262206",1.015,1.603
"CR262207",1.015,1.603
"CR262208",1.015,1.603
"CR262209",1.015,1.603
"CR262210",1.015,1.603
"CR262211",1.015,1.603
"CR262212",1.015,1.603
"CR262213",1.015,1.603
"CR262214",1.015,1.603
"CR262215",1.015,1.603
"CR262216",1.015,1.603
"CR262217",1.015,1.603
"CR262218",0,0
"CR262219",1.015,1.603
"CR262220",1.015,1.603
"CR262221",1.015,1.603
"CR262222",0,0
"CR262223",0,0
"CR262224",0,0
"CR262225",0,0
"CR262226",1.315,1.603
"CR262227",1.315,1.603
"CR262228",0,0
"CR262229",1.315,1.603
"CR262230",0,0
"CR262231",0,0
"CR262232",0,0
"CR262233",0,0
"CR262234",0,0
"CR262235",0,0
"CR262236",0,0
"CR262237",0,0
"CR262238",0,0
"CR263181",1.015,1.6985
"CR263182",1.015,1.6985
"CR263183",1.015,1.6985
"CR263184",1.015,1.6985
"CR263185",1.015,1.6985
"CR263186",1.015,1.6985
"CR263187",1.015,1.6985
"CR263188",1.015,1.6985
"CR263189",1.015,1.6985
"CR263190",1.015,1.6985
"CR263191",1.015,1.6985
"CR263192",1.015,1.6985
"CR263193",1.015,1.6985
"CR263194",1.015,1.6985
"CR263195",1.015,1.6985
"CR263196",1.015,1.6985
"CR263197",1.015,1.6985
"CR263198",1.015,1.603
"CR263199",1.015,1.603
"CR263200",1.015,1.603
"CR263201",1.015,1.603
"CR263202",1.015,1.603
"CR263203",1.015,1.603
"CR263204",1.015,1.603
"CR263205",1.015,1.603
"CR263206",1.015,1.603
"CR263207",1.015,1.603
"CR263208",1.015,1.603
"CR263209",1.015,1.603
"CR263210",1.015,1.603
"CR263211",1.015,1.603
"CR263212",1.015,1.603
"CR263213",1.015,1.603
"CR263214",1.015,1.603
"CR263215",1.015,1.603
"CR263216",1.015,1.603
"CR263217",0,0
"CR263218",1.015,1.603
"CR263219",1.015,1.603
"CR263220",0,0
"CR263221",1.015,1.603
"CR263222",0,0
"CR263223",0,0
"CR263224",0,0
"CR263225",0,0
"CR263226",1.315,1.603
"CR263227",1.315,1.603
"CR263228",0,0
"CR263229",0,0
"CR263230",0,0
"CR263231",0,0
"CR263232",0,0
"CR263233",0,0
"CR263234",0,0
"CR263235",0,0
"CR263236",0,0
"CR263237",0,0
"CR263238",0,0
"CR264181",1.015,1.6985
"CR264182",1.015,1.6985
"CR264183",1.015,1.6985
"CR264184",1.015,1.6985
"CR264185",1.015,1.6985
"CR264186",1.015,1.6985
"CR264187",1.015,1.6985
"CR264188",1.015,1.6985
"CR264189",1.015,1.6985
"CR264190",1.015,1.6985
"CR264191",1.015,1.6985
"CR264192",1.015,1.6985
"CR264193",1.015,1.6985
"CR264194",1.015,1.6985
"CR264195",1.015,1.603
"CR264196",1.015,1.603
"CR264197",1.015,1.603
"CR264198",1.015,1.603
"CR264199",1.015,1.603
"CR264200",1.015,1.603
"CR264201",1.015,1.603
"CR264202",1.015,1.603
"CR264203",1.015,1.603
"CR264204",1.015,1.603
"CR264205",1.015,1.603
"CR264206",1.015,1.603
"CR264207",1.015,1.603
"CR264208",1.015,1.603
"CR264209",1.015,1.603
"CR264210",1.015,1.603
"CR264211",1.015,1.603
"CR264212",1.015,1.603
"CR264213",1.015,1.603
"CR264214",1.015,1.603
"CR264215",1.015,1.603
"CR264216",1.015,1.603
"CR264217",1.015,1.603
"CR264218",0,0
"CR264219",1.015,1.603
"CR264220",1.015,1.603
"CR264221",0,0
"CR264222",0,0
"CR264223",0,0
"CR264224",1.015,1.603
"CR264225",1.015,1.603
"CR264226",0,0
"CR264227",1.315,1.603
"CR264228",0,0
"CR264229",0,0
"CR264230",0,0
"CR264231",0,0
"CR264232",0,0
"CR264235",0,0
"CR264236",0,0
"CR265182",1.015,1.6985
"CR265183",1.015,1.6985
"CR265184",1.015,1.6985
"CR265185",1.015,1.6985
"CR265186",1.015,1.6985
"CR265187",1.015,1.6985
"CR265188",1.015,1.6985
"CR265189",1.015,1.6985
"CR265190",1.015,1.6985
"CR265191",1.015,1.6985
"CR265192",1.015,1.603
"CR265193",1.015,1.603
"CR265194",1.015,1.603
"CR265195",1.015,1.603
"CR265196",1.015,1.603
"CR265197",1.015,1.603
"CR265198",1.015,1.603
"CR265199",1.015,1.603
"CR265200",1.015,1.603
"CR265201",1.015,1.603
"CR265202",1.015,1.603
"CR265203",1.015,1.603
"CR265204",1.015,1.603
"CR265205",1.015,1.603
"CR265206",1.015,1.603
"CR265207",1.015,1.603
"CR265208",1.015,1.603
"CR265209",1.015,1.603
"CR265210",1.015,1.603
"CR265211",1.015,1.603
"CR265212",1.015,1.603
"CR265213",1.015,1.603
"CR265214",1.015,1.603
"CR265215",1.015,1.603
"CR265216",1.015,1.603
"CR265217",1.015,1.603
"CR265218",1.015,1.603
"CR265219",1.015,1.603
"CR265220",0,0
"CR265221",0,0
"CR265222",1.015,1.603
"CR265223",0,0
"CR265224",0,0
"CR265225",1.315,1.603
"CR265226",0,0
"CR265227",0,0
"CR265228",0,0
"CR265229",0,0
"CR265230",0,0
"CR265231",0,0
"CR266182",1.015,1.6985
"CR266183",1.015,1.6985
"CR266184",1.015,1.6985
"CR266185",1.015,1.6985
"CR266186",1.015,1.6985
"CR266187",1.015,1.6985
"CR266188",1.015,1.6985
"CR266189",1.015,1.6985
"CR266190",1.015,1.6985
"CR266191",1.015,1.6985
"CR266192",1.015,1.603
"CR266193",1.015,1.603
"CR266194",1.015,1.603
"CR266195",1.015,1.603
"CR266196",1.015,1.603
"CR266197",1.015,1.603
"CR266198",1.015,1.603
"CR266199",1.015,1.603
"CR266200",1.015,1.603
"CR266201",1.015,1.603
"CR266202",1.015,1.603
"CR266203",1.015,1.603
"CR266204",1.015,1.603
"CR266205",1.015,1.603
"CR266206",1.015,1.603
"CR266207",1.015,1.603
"CR266208",1.015,1.603
"CR266209",1.015,1.603
"CR266210",1.015,1.603
"CR266211",1.015,1.603
"CR266212",1.015,1.603
"CR266213",1.015,1.603
"CR266214",1.015,1.603
"CR266215",1.015,1.603
"CR266216",1.015,1.603
"CR266217",1.015,1.603
"CR266218",1.015,1.603
"CR266219",1.015,1.603
"CR266220",1.015,1.603
"CR266221",1.015,1.603
"CR266222",1.015,1.603
"CR266223",1.015,1.603
"CR266224",0,0
"CR266225",0,0
"CR266226",0,0
"CR266227",0,0
"CR266228",0,0
"CR266229",0,0
"CR266230",0,0
"CR267182",1.015,1.6985
"CR267183",1.015,1.6985
"CR267184",1.015,1.6985
"CR267185",1.015,1.6985
"CR267186",1.015,1.6985
"CR267187",1.015,1.6985
"CR267188",1.015,1.6985
"CR267189",1.015,1.6985
"CR267190",1.015,1.6985
"CR267191",1.015,1.6985
"CR267192",1.015,1.603
"CR267193",1.015,1.603
"CR267194",1.015,1.603
"CR267195",1.015,1.603
"CR267196",1.015,1.603
"CR267197",1.015,1.603
"CR267198",1.015,1.603
"CR267199",1.015,1.603
"CR267200",1.015,1.603
"CR267201",1.015,1.603
"CR267202",1.015,1.603
"CR267203",1.015,1.603
"CR267204",1.015,1.603
"CR267205",1.015,1.603
"CR267206",1.015,1.603
"CR267207",1.015,1.603
"CR267208",1.015,1.603
"CR267209",1.015,1.603
"CR267210",1.015,1.603
"CR267211",1.015,1.603
"CR267212",1.015,1.603
"CR267213",1.015,1.603
"CR267214",1.015,1.603
"CR267215",1.015,1.603
"CR267216",1.015,1.603
"CR267217",1.015,1.603
"CR267218",1.015,1.603
"CR267219",1.015,1.603
"CR267220",1.015,1.603
"CR267221",1.315,1.603
"CR267222",1.015,1.603
"CR267223",0,0
"CR267224",0,0
"CR267225",0,0
"CR267226",0,0
"CR267227",0,0
"CR267228",0,0
"CR267229",0,0
"CR268182",0,0
"CR268183",1.015,1.6985
"CR268184",1.015,1.6985
"CR268185",1.015,1.6985
"CR268186",1.015,1.6985
"CR268187",1.015,1.6985
"CR268188",1.015,1.6985
"CR268189",1.015,1.6985
"CR268190",1.015,1.6985
"CR268191",1.015,1.6985
"CR268192",1.015,1.603
"CR268193",1.015,1.603
"CR268194",1.015,1.603
"CR268195",1.015,1.603
"CR268196",1.015,1.603
"CR268197",1.015,1.603
"CR268198",1.015,1.603
"CR268199",1.015,1.603
"CR268200",1.015,1.603
"CR268201",1.015,1.603
"CR268202",1.015,1.603
"CR268203",1.015,1.603
"CR268204",1.015,1.603
"CR268205",1.015,1.603
"CR268206",1.015,1.603
"CR268207",1.015,1.603
"CR268208",1.015,1.603
"CR268209",1.015,1.603
"CR268210",1.015,1.603
"CR268211",1.015,1.603
"CR268212",1.015,1.603
"CR268213",1.015,1.603
"CR268214",1.015,1.603
"CR268215",1.015,1.603
"CR268216",1.015,1.603
"CR268217",1.015,1.603
"CR268218",1.015,1.603
"CR268219",1.015,1.603
"CR268220",1.015,1.603
"CR268221",1.015,1.603
"CR268222",1.315,1.603
"CR268223",0,0
"CR268224",0,0
"CR268225",0,0
"CR268226",0,0
"CR268227",0,0
"CR268228",0,0
"CR269183",1.015,1.6985
"CR269184",1.015,1.6985
"CR269185",1.015,1.6985
"CR269186",1.015,1.6985
"CR269187",1.015,1.6985
"CR269188",1.015,1.6985
"CR269189",1.015,1.6985
"CR269190",1.015,1.6985
"CR269191",1.015,1.603
"CR269192",1.015,1.603
"CR269193",1.015,1.603
"CR269194",1.015,1.603
"CR269195",1.015,1.603
"CR269196",1.015,1.603
"CR269197",1.015,1.603
"CR269198",1.015,1.603
"CR269199",1.015,1.603
"CR269200",1.015,1.603
"CR269201",1.015,1.603
"CR269202",1.015,1.603
"CR269203",1.015,1.603
"CR269204",1.015,1.603
"CR269205",1.015,1.603
"CR269206",1.015,1.603
"CR269207",1.015,1.603
"CR269208",1.015,1.603
"CR269209",1.015,1.603
"CR269210",1.015,1.603
"CR269211",1.015,1.603
"CR269212",1.015,1.603
"CR269213",1.015,1.603
"CR269214",1.015,1.603
"CR269215",1.015,1.603
"CR269216",1.015,1.603
"CR269217",1.015,1.603
"CR269218",1.015,1.603
"CR269219",1.015,1.603
"CR269220",1.015,1.603
"CR269221",1.015,1.603
"CR269222",1.015,1.603
"CR269223",0,0
"CR269224",0,0
"CR269225",0,0
"CR269226",0,0
"CR269227",0,0
"CR269228",0,0
"CR270183",1.015,1.6985
"CR270184",1.015,1.6985
"CR270185",1.015,1.6985
"CR270186",1.015,1.6985
"CR270187",1.015,1.6985
"CR270188",1.015,1.6985
"CR270189",1.015,1.6985
"CR270190",1.015,1.603
"CR270191",1.015,1.603
"CR270192",1.015,1.603
"CR270193",1.015,1.603
"CR270194",1.015,1.603
"CR270195",1.015,1.603
"CR270196",1.015,1.603
"CR270197",1.015,1.603
"CR270198",1.015,1.603
"CR270199",1.015,1.603
"CR270200",1.015,1.603
"CR270201",1.015,1.603
"CR270202",1.015,1.603
"CR270203",1.015,1.603
"CR270204",1.015,1.603
"CR270205",1.015,1.603
"CR270206",1.015,1.603
"CR270207",1.015,1.603
"CR270208",1.015,1.603
"CR270209",1.015,1.603
"CR270210",1.015,1.603
"CR270211",1.015,1.603
"CR270212",1.015,1.603
"CR270213",1.015,1.603
"CR270214",1.015,1.603
"CR270215",1.015,1.603
"CR270216",1.015,1.603
"CR270217",1.015,1.603
"CR270218",1.015,1.603
"CR270219",1.015,1.603
"CR270220",1.015,1.603
"CR270221",0,0
"CR270222",0,0
"CR270223",0,0
"CR270224",0,0
"CR270225",0,0
"CR270226",0,0
"CR270227",0,0
"CR270228",0,0
"CR271183",1.015,1.6985
"CR271184",1.015,1.6985
"CR271185",1.015,1.6985
"CR271186",1.015,1.6985
"CR271187",1.015,1.6985
"CR271188",1.015,1.6985
"CR271189",1.015,1.603
"CR271190",1.015,1.603
"CR271191",1.015,1.603
"CR271192",1.015,1.603
"CR271193",1.015,1.603
"CR271194",1.015,1.603
"CR271195",1.015,1.603
"CR271196",1.015,1.603
"CR271197",1.015,1.603
"CR271198",1.015,1.603
"CR271199",1.015,1.603
"CR271200",1.015,1.603
"CR271201",1.015,1.603
"CR271202",0,0
"CR271203",1.015,1.603
"CR271204",1.015,1.603
"CR271205",1.015,1.603
"CR271206",1.015,1.603
"CR271207",1.015,1.603
"CR271208",1.015,1.603
"CR271209",1.015,1.603
"CR271210",1.015,1.603
"CR271211",1.015,1.603
"CR271212",1.015,1.603
"CR271213",1.015,1.603
"CR271214",1.015,1.603
"CR271215",1.015,1.603
"CR271216",1.015,1.603
"CR271217",1.015,1.603
"CR271218",1.015,1.603
"CR271219",1.015,1.603
"CR271220",0,0
"CR271221",1.015,1.603
"CR271222",0,0
"CR271223",0,0
"CR271224",0,0
"CR271225",0,0
"CR271226",0,0
"CR271227",0,0
"CR272185",1.015,1.6985
"CR272186",1.015,1.6985
"CR272187",1.015,1.603
"CR272188",1.015,1.603
"CR272189",1.015,1.603
"CR272190",1.015,1.603
"CR272191",1.015,1.603
"CR272192",1.015,1.603
"CR272193",1.015,1.603
"CR272194",1.015,1.603
"CR272195",1.015,1.603
"CR272196",1.015,1.603
"CR272197",1.015,1.603
"CR272198",2.215,1.603
"CR272199",1.015,1.603
"CR272200",0,0
"CR272201",0,0
"CR272202",0,0
"CR272203",1.015,1.603
"CR272204",1.015,1.603
"CR272205",1.015,1.603
"CR272206",1.015,1.603
"CR272207",1.015,1.603
"CR272208",0,0
"CR272209",0,0
"CR272210",0,0
"CR272211",0,0
"CR272212",0,0
"CR272213",1.015,1.603
"CR272214",1.015,1.603
"CR272215",1.015,1.603
"CR272216",1.015,1.603
"CR272217",1.015,1.603
"CR272218",1.015,1.603
"CR272219",1.015,1.603
"CR272220",1.015,1.603
"CR272221",0,0
"CR272222",0,0
"CR272223",0,0
"CR272224",0,0
"CR272225",0,0
"CR272226",0,0
"CR272227",0,0
"CR273185",1.015,1.6985
"CR273186",1.015,1.603
"CR273187",1.015,1.603
"CR273188",1.015,1.603
"CR273189",1.015,1.603
"CR273190",1.015,1.603
"CR273191",1.015,1.603
"CR273192",1.015,1.603
"CR273193",1.015,1.603
"CR273194",1.015,1.603
"CR273195",1.015,1.603
"CR273196",1.015,1.603
"CR273197",0,0
"CR273198",0,0
"CR273199",0,0
"CR273200",0,0
"CR273201",0,0
"CR273202",0,0
"CR273203",0,0
"CR273204",0,0
"CR273205",0,0
"CR273206",0,0
"CR273207",0,0
"CR273208",0,0
"CR273209",0,0
"CR273210",0,0
"CR273211",0,0
"CR273212",0,0
"CR273213",0,0
"CR273214",1.015,1.603
"CR273215",1.015,1.603
"CR273216",1.015,1.603
"CR273217",1.315,1.603
"CR273218",1.315,1.603
"CR273219",1.015,1.603
"CR273220",1.315,1.603
"CR273221",0,0
"CR273222",0,0
"CR273223",0,0
"CR273224",0,0
"CR273225",0,0
"CR273226",0,0
"CR273227",0,0
"CR274185",1.015,1.603
"CR274186",1.015,1.603
"CR274187",1.015,1.603
"CR274188",1.015,1.603
"CR274189",1.015,1.603
"CR274190",1.015,1.603
"CR274191",1.015,1.603
"CR274192",1.015,1.603
"CR274193",1.015,1.603
"CR274194",1.015,1.603
"CR274195",1.015,1.603
"CR274196",0,0
"CR274197",0,0
"CR274198",0,0
"CR274199",0,0
"CR274200",0,0
"CR274201",0,0
"CR274202",0,0
"CR274203",0,0
"CR274204",0,0
"CR274205",0,0
"CR274206",0,0
"CR274207",0,0
"CR274208",0,0
"CR274209",0,0
"CR274210",0,0
"CR274211",0,0
"CR274212",0,0
"CR274213",1.015,1.603
"CR274214",1.015,1.603
"CR274215",1.015,1.603
"CR274216",1.015,1.603
"CR274217",0,0
"CR274218",0,0
"CR274219",0,0
"CR274220",0,0
"CR274221",0,0
"CR274222",0,0
"CR274223",0,0
"CR274224",0,0
"CR274225",0,0
"CR274226",0,0
"CR275186",1.015,1.603
"CR275187",1.015,1.603
"CR275188",1.015,1.603
"CR275189",1.015,1.603
"CR275190",1.015,1.603
"CR275191",1.015,1.603
"CR275192",1.015,1.603
"CR275193",1.015,1.603
"CR275194",0,0
"CR275195",0,0
"CR275196",0,0
"CR275197",0,0
"CR275198",0,0
"CR275199",0,0
"CR275200",0,0
"CR275201",0,0
"CR275202",0,0
"CR275203",0,0
"CR275204",0,0
"CR275205",0,0
"CR275206",0,0
"CR275207",1.015,1.603
"CR275208",1.015,1.603
"CR275209",0,0
"CR275210",0,0
"CR275211",1.015,1.603
"CR275212",1.015,1.603
"CR275213",1.015,1.603
"CR275214",1.015,1.603
"CR275215",1.015,1.603
"CR275216",1.015,1.603
"CR275217",0,0
"CR275218",0,0
"CR275219",0,0
"CR275220",0,0
"CR275221",0,0
"CR275222",0,0
"CR275223",0,0
"CR275224",0,0
"CR275225",0,0
"CR275226",0,0
"CR276186",1.015,1.603
"CR276187",1.015,1.603
"CR276188",1.015,1.603
"CR276189",1.015,1.603
"CR276190",1.015,1.603
"CR276191",1.015,1.603
"CR276192",1.015,1.603
"CR276193",1.015,1.603
"CR276194",0,0
"CR276195",0,0
"CR276196",0,0
"CR276197",0,0
"CR276198",0,0
"CR276199",0,0
"CR276200",0,0
"CR276201",0,0
"CR276202",0,0
"CR276203",0,0
"CR276204",0,0
"CR276205",0,0
"CR276206",0,0
"CR276207",0,0
"CR276208",0,0
"CR276209",0,0
"CR276210",0,0
"CR276211",2.215,1.603
"CR276212",1.015,1.603
"CR276213",0,0
"CR276214",1.015,1.603
"CR276215",0,0
"CR276216",0,0
"CR276217",0,0
"CR276218",0,0
"CR276219",0,0
"CR276220",0,0
"CR276221",0,0
"CR276222",0,0
"CR276223",0,0
"CR276224",0,0
"CR276225",0,0
"CR276226",0,0
"CR277186",0,0
"CR277187",1.015,1.603
"CR277188",1.015,1.603
"CR277189",1.015,1.603
"CR277190",1.015,1.603
"CR277191",1.015,1.603
"CR277192",1.015,1.603
"CR277193",1.015,1.603
"CR277194",0,0
"CR277195",0,0
"CR277196",0,0
"CR277197",0,0
"CR277198",0,0
"CR277199",0,0
"CR277200",0,0
"CR277201",0,0
"CR277202",0,0
"CR277203",0,0
"CR277204",0,0
"CR277205",0,0
"CR277206",0,0
"CR277207",0,0
"CR277208",0,0
"CR277209",0,0
"CR277210",0,0
"CR277211",0,0
"CR277212",0,0
"CR277213",0,0
"CR277214",0,0
"CR277215",0,0
"CR277216",0,0
"CR277217",0,0
"CR277218",0,0
"CR277219",0,0
"CR277220",0,0
"CR277221",0,0
"CR277222",0,0
"CR277223",0,0
"CR277224",0,0
"CR277225",0,0
"CR277226",0,0
"CR278186",0,0
"CR278187",0,0
"CR278188",0,0
"CR278189",0,0
"CR278190",0,0
"CR278191",0,0
"CR278192",0,0
"CR278193",0,0
"CR278194",0,0
"CR278195",0,0
"CR278196",0,0
"CR278197",0,0
"CR278198",0,0
"CR278199",0,0
"CR278200",0,0
"CR278201",0,0
"CR278202",0,0
"CR278203",0,0
"CR278204",0,0
"CR278205",0,0
"CR278206",0,0
"CR278207",0,0
"CR278208",0,0
"CR278209",0,0
"CR278210",0,0
"CR278211",0,0
"CR278212",0,0
"CR278213",0,0
"CR278214",0,0
"CR278215",0,0
"CR278216",0,0
"CR278217",0,0
"CR278218",0,0
"CR278219",0,0
"CR278220",0,0
"CR278221",0,0
"CR278222",0,0
"CR278223",0,0
"CR278224",0,0
"CR278225",0,0
"CR279186",0,0
"CR279187",0,0
"CR279188",0,0
"CR279189",0,0
"CR279190",0,0
"CR279191",0,0
"CR279192",0,0
"CR279193",0,0
"CR279194",0,0
"CR279195",0,0
"CR279196",0,0
"CR279197",0,0
"CR279198",0,0
"CR279199",0,0
"CR279200",0,0
"CR279201",0,0
"CR279202",0,0
"CR279203",0,0
"CR279204",0,0
"CR279205",0,0
"CR279206",0,0
"CR279207",0,0
"CR279208",0,0
"CR279209",0,0
"CR279210",0,0
"CR279211",0,0
"CR279212",0,0
"CR279213",0,0
"CR279214",0,0
"CR279215",0,0
"CR279216",0,0
"CR279217",0,0
"CR279218",0,0
"CR279219",0,0
"CR279220",0,0
"CR279221",0,0
"CR279222",0,0
"CR279223",0,0
"CR280186",0,0
"CR280187",0,0
"CR280188",0,0
"CR280189",0,0
"CR280190",0,0
"CR280191",0,0
"CR280192",0,0
"CR280193",0,0
"CR280194",0,0
"CR280195",0,0
"CR280196",0,0
"CR280197",0,0
"CR280198",0,0
"CR280199",0,0
"CR280200",0,0
"CR280201",0,0
"CR280202",0,0
"CR280203",0,0
"CR280204",0,0
"CR280205",0,0
"CR280206",0,0
"CR280207",0,0
"CR280208",0,0
"CR280209",0,0
"CR280210",0,0
"CR280211",0,0
"CR280212",0,0
"CR280213",0,0
"CR280214",0,0
"CR280215",0,0
"CR280216",0,0
"CR280217",0,0
"CR280218",0,0
"CR280219",0,0
"CR280220",0,0
"CR280221",0,0
"CR280222",0,0
"CR281186",0,0
"CR281187",0,0
"CR281188",0,0
"CR281189",0,0
"CR281190",0,0
"CR281191",0,0
"CR281192",0,0
"CR281193",0,0
"CR281194",0,0
"CR281195",0,0
"CR281196",0,0
"CR281197",0,0
"CR281198",0,0
"CR281199",0,0
"CR281200",0,0
"CR281201",0,0
"CR281202",0,0
"CR281203",0,0
"CR281204",0,0
"CR281205",0,0
"CR281206",0,0
"CR281207",0,0
"CR281208",0,0
"CR281209",0,0
"CR281210",0,0
"CR281211",0,0
"CR281212",0,0
"CR281213",0,0
"CR281214",0,0
"CR281215",0,0
"CR281216",0,0
"CR281217",0,0
"CR281218",0,0
"CR281219",0,0
"CR281220",0,0
"CR282187",0,0
"CR282188",0,0
"CR282189",0,0
"CR282190",0,0
"CR282191",0,0
"CR282192",0,0
"CR282193",0,0
"CR282194",0,0
"CR282195",0,0
"CR282196",0,0
"CR282197",0,0
"CR282198",0,0
"CR282199",0,0
"CR282200",0,0
"CR282201",0,0
"CR282202",0,0
"CR282203",0,0
"CR282204",0,0
"CR282205",0,0
"CR282206",0,0
"CR282207",0,0
"CR282208",0,0
"CR282209",0,0
"CR282210",0,0
"CR282211",0,0
"CR282212",0,0
"CR282213",0,0
"CR282214",0,0
"CR282215",0,0
"CR282216",0,0
"CR283187",0,0
"CR283188",0,0
"CR283189",0,0
"CR283190",0,0
"CR283191",0,0
"CR283192",0,0
"CR283193",0,0
"CR283194",0,0
"CR283195",0,0
"CR283196",0,0
"CR283197",0,0
"CR283198",0,0
"CR283199",0,0
"CR283200",0,0
"CR283201",0,0
"CR283202",0,0
"CR283203",0,0
"CR283204",0,0
"CR283205",0,0
"CR283206",0,0
"CR283207",0,0
"CR283208",0,0
"CR283209",0,0
"CR283212",0,0
"CR283213",0,0
"CR284188",0,0
"CR284189",0,0
"CR284190",0,0
"CR284191",0,0
"CR284192",0,0
"CR284193",0,0
"CR284194",0,0
"CR284195",0,0
"CR284196",0,0
"CR284197",0,0
"CR284198",0,0
"CR284199",0,0
"CR284200",0,0
"CR284201",0,0
"CR284202",0,0
"CR284203",0,0
"CR284204",0,0
"CR284205",0,0
"CR284206",0,0
"CR285189",0,0
"CR285190",0,0
"CR285191",0,0
"CR285192",0,0
"CR285193",0,0
"CR285194",0,0
"CR285195",0,0
"CR285196",0,0
"CR285197",0,0
"CR285198",0,0
"CR285199",0,0
"CR285200",0,0
"CR285201",0,0
"CR285202",0,0
"CR285203",0,0
"CR285204",0,0
"CR285205",0,0
"CR286190",0,0
"CR286191",0,0
"CR286192",0,0
"CR286193",0,0
"CR286194",0,0
"CR286195",0,0
"CR286196",0,0
"CR286197",0,0
"CR286198",0,0
"CR286199",0,0
"CR286200",0,0
"CR286201",0,0
"CR286202",0,0
"CR286203",0,0
"CR286204",0,0
"CR287190",0,0
"CR287191",0,0
"CR287192",0,0
"CR287193",0,0
"CR287194",0,0
"CR287195",0,0
"CR287196",0,0
"CR287197",0,0
"CR287198",0,0
"CR287199",0,0
"CR287200",0,0
"CR287201",0,0
"CR287202",0,0
"CR288191",0,0
"CR288192",0,0
"CR288193",0,0
"CR288194",0,0
"CR288195",0,0
"CR288196",0,0
"CR288197",0,0
"CR288198",0,0
"CR288199",0,0
"CR288200",0,0
"CR288201",0,0
"CR289191",0,0
"CR289192",0,0
"CR289193",0,0
"CR289194",0,0
"CR289195",0,0
"CR289196",0,0
"CR289197",0,0
"CR289198",0,0
"CR289199",0,0
"CR289200",0,0
"CR290191",0,0
"CR290192",0,0
"CR290193",0,0
"CR290194",0,0
"CR290195",0,0
"CR290196",0,0
"CR290197",0,0
"CR290198",0,0
"CR290199",0,0
"CR291194",0,0
"CR291195",0,0
"CR291196",0,0
"CR291197",0,0
