"","ID","Produ"
"1","CR233196",3.019
"2","CR234194",2.728
"3","CR234195",2.786
"4","CR234196",2.98
"5","CR235193",1.966
"6","CR235194",2.061
"7","CR235195",2.065
"8","CR235196",2.79496590909091
"9","CR235197",1.826
"10","CR236193",1.983
"11","CR236194",2.069
"12","CR236195",1.39013186813187
"13","CR236196",2.842
"14","CR236197",1.68
"15","CR236198",2.881
"16","CR237193",1.987
"17","CR237194",1.638
"18","CR237195",1.25
"19","CR237196",2.088
"20","CR237197",2.83
"21","CR237198",2.265
"22","CR237207",1.80795552147239
"23","CR238207",1.911
"24","CR239186",1.785
"25","CR239187",2.355
"26","CR239203",1.35062790697674
"27","CR239205",1.869
"28","CR239206",1.76202
"29","CR239207",1.7410618336887
"30","CR239208",1.799
"31","CR240187",2.423
"32","CR240202",1.708
"33","CR240203",1.01721177802945
"34","CR240204",1.88264778645833
"35","CR240205",1.83592445652174
"36","CR240206",1.83889809264305
"37","CR240207",1.74644733581165
"38","CR240208",3.31980230642504
"39","CR240209",3.551
"40","CR241203",0.993375
"41","CR241204",1.91
"42","CR241205",1.866
"43","CR241206",1.84431055900621
"44","CR241207",2.5912676056338
"45","CR241208",3.2566473354232
"46","CR241209",3.45613813229572
"47","CR241210",2.675
"48","CR242186",1.95977777777778
"49","CR242187",2.376
"50","CR242205",1.14691187739464
"51","CR242206",3.39274695364993
"52","CR242207",3.546
"53","CR242208",3.54840836511256
"54","CR242209",3.49318963894593
"55","CR242210",3.51615238095238
"56","CR243186",1.659
"57","CR243187",1.976
"58","CR243188",2.546
"59","CR243204",3.50297854077253
"60","CR243205",2.65831000219186
"61","CR243206",3.46394875057798
"62","CR243207",3.51629703098665
"63","CR243208",3.5142736461625
"64","CR243209",2.7713652924257
"65","CR243210",3.54078562777554
"66","CR244187",2.883
"67","CR244188",2.954
"68","CR244202",2.96974157303371
"69","CR244203",3.068
"70","CR244204",3.34733739784667
"71","CR244205",3.29850449193197
"72","CR244206",3.36
"73","CR244207",3.347
"74","CR244208",3.335
"75","CR244209",3.579
"76","CR244210",3.48837936818563
"77","CR245204",3.30359750390016
"78","CR245205",3.28378945074106
"79","CR245206",3.351
"80","CR245207",3.33722817092381
"81","CR245208",3.32220279665738
"82","CR245209",3.54038197433366
"83","CR245210",3.14753183703342
"84","CR245211",2.89327272727273
"85","CR245212",3.2775
"86","CR245221",2.456
"87","CR245222",2.413
"88","CR245223",2.253
"89","CR245224",1.949
"90","CR245225",2.053
"91","CR246202",3.107
"92","CR246203",3.02977319587629
"93","CR246204",3.31969325153374
"94","CR246205",3.35120309184601
"95","CR246206",3.363
"96","CR246207",3.334
"97","CR246208",3.13226905257997
"98","CR246209",3.38864459094996
"99","CR246210",3.18079317548746
"100","CR246221",2.55775
"101","CR246222",2.322
"102","CR246223",2.00921428571429
"103","CR246224",1.943125
"104","CR246225",1.93768421052632
"105","CR247202",3.04652420701169
"106","CR247203",3.16
"107","CR247204",3.37892771084337
"108","CR247205",3.15816920222635
"109","CR247206",3.27855224449356
"110","CR247207",3.17623455476491
"111","CR247208",2.77761728025081
"112","CR247209",3.15411919427335
"113","CR247210",2.85569620253165
"114","CR247211",2.8552539964476
"115","CR247212",3.271
"116","CR247222",2.71736641221374
"117","CR247223",2.50251241830065
"118","CR247224",1.95034486780715
"119","CR247225",2.07744102266124
"120","CR247239",2.04254118104118
"121","CR248186",2.056
"122","CR248187",2.078
"123","CR248202",2.719
"124","CR248203",3.06678859060403
"125","CR248204",3.26743037974684
"126","CR248205",3.51946511495236
"127","CR248206",3.49561962699361
"128","CR248207",3.41191722647726
"129","CR248208",3.3981048628193
"130","CR248209",3.1374425696712
"131","CR248210",2.85569862530842
"132","CR248211",3.19075091575092
"133","CR248212",3.0944606741573
"134","CR248213",3.08825806451613
"135","CR248221",2.548
"136","CR248222",2.30607040229885
"137","CR248223",1.88680965990283
"138","CR248224",2.07008885245902
"139","CR248225",1.86807688797627
"140","CR248238",1.87380910086385
"141","CR248239",2.067
"142","CR248240",1.967
"143","CR248241",1.952
"144","CR248242",1.84896
"145","CR249185",1.879
"146","CR249186",1.45385714285714
"147","CR249187",2.103
"148","CR249201",2.6355625
"149","CR249202",2.77203043478261
"150","CR249203",2.73754193305754
"151","CR249204",3.43565876187604
"152","CR249205",3.37446537156543
"153","CR249206",3.35663666115227
"154","CR249207",3.30572920297465
"155","CR249208",3.413
"156","CR249209",2.89264856834144
"157","CR249210",3.07513846153846
"158","CR249211",3.06241693037975
"159","CR249212",3.13648860759494
"160","CR249213",3.1116270718232
"161","CR249214",3.15769047619048
"162","CR249215",3.15419455943229
"163","CR249221",2.64445454545455
"164","CR249222",2.30707912087912
"165","CR249223",1.9047652979066
"166","CR249224",1.78280410756836
"167","CR249225",1.87234423155948
"168","CR249226",1.344
"169","CR249227",1.344
"170","CR249237",1.831
"171","CR249238",1.814213520704
"172","CR249239",1.809
"173","CR249240",1.984
"174","CR249241",1.963
"175","CR249242",1.96483544303797
"176","CR249243",1.972
"177","CR250185",1.669
"178","CR250186",1.28175
"179","CR250187",1.88
"180","CR250190",2.617
"181","CR250191",1.916
"182","CR250192",1.087
"183","CR250193",2.145
"184","CR250194",2.669
"185","CR250195",2.668
"186","CR250197",2.679
"187","CR250198",2.248
"188","CR250201",2.66877419354839
"189","CR250202",2.75844277108434
"190","CR250203",2.91266023166023
"191","CR250204",3.28764171122995
"192","CR250205",3.47667736872146
"193","CR250206",3.41041098644226
"194","CR250207",3.462
"195","CR250208",3.43221383285303
"196","CR250209",2.85197279716144
"197","CR250210",2.81561335187761
"198","CR250211",3.43367260494245
"199","CR250212",3.30576263347077
"200","CR250213",3.33149583818133
"201","CR250214",3.19731748466258
"202","CR250215",3.19605937838256
"203","CR250216",3.19788729329852
"204","CR250217",3.17624600638978
"205","CR250218",3.11491468777485
"206","CR250219",2.98737387964149
"207","CR250220",2.59661904761905
"208","CR250221",2.3724
"209","CR250222",1.91625510641337
"210","CR250223",1.80799325463744
"211","CR250224",1.865
"212","CR250225",1.77355368697216
"213","CR250226",1.878
"214","CR250227",1.8466958897201
"215","CR250228",1.93852611940299
"216","CR250236",1.43893259540724
"217","CR250237",2.053
"218","CR250238",1.9025821414914
"219","CR250239",1.82785876610386
"220","CR250240",2.04552077698549
"221","CR250241",1.92582518796992
"222","CR250242",1.87218248175182
"223","CR250243",1.9445
"224","CR251185",1.802
"225","CR251186",1.695
"226","CR251187",1.796
"227","CR251190",1.34
"228","CR251191",1.361
"229","CR251192",1.333
"230","CR251193",2.124
"231","CR251194",2.663
"232","CR251195",2.636
"233","CR251196",2.534
"234","CR251197",2.741
"235","CR251198",2.336
"236","CR251201",2.92935714285714
"237","CR251203",2.89191803278689
"238","CR251204",3.41919192422732
"239","CR251205",3.06562340425532
"240","CR251206",3.39864065732695
"241","CR251207",3.393811916844
"242","CR251208",3.44574285080913
"243","CR251209",3.3818
"244","CR251210",3.53814639769452
"245","CR251211",3.47399529887097
"246","CR251212",2.95870089668503
"247","CR251213",3.22070876494199
"248","CR251214",3.30283415726865
"249","CR251215",3.32822164476519
"250","CR251216",3.29566582251391
"251","CR251217",2.77708694325808
"252","CR251218",2.82535140905209
"253","CR251219",2.80983070002499
"254","CR251220",2.76554103852596
"255","CR251221",2.14254493801653
"256","CR251222",1.76887998937371
"257","CR251223",1.874
"258","CR251224",1.79856127943943
"259","CR251225",1.857
"260","CR251226",1.86540896717793
"261","CR251227",1.88002943969611
"262","CR251228",1.93626553302812
"263","CR251231",1.771
"264","CR251232",1.64800753768844
"265","CR251236",1.52069812721631
"266","CR251237",1.69811051026973
"267","CR251238",1.946
"268","CR251239",1.84576449771151
"269","CR251240",1.96593813090199
"270","CR251241",1.98030466830467
"271","CR251242",1.92468284347232
"272","CR251243",1.93981454545455
"273","CR252185",1.903
"274","CR252186",1.6958
"275","CR252187",1.4278
"276","CR252189",1.344
"277","CR252190",1.328
"278","CR252191",1.363
"279","CR252192",1.406
"280","CR252193",1.356
"281","CR252194",1.98
"282","CR252195",1.194
"283","CR252196",1.64633333333333
"284","CR252197",2.126
"285","CR252198",1.213
"286","CR252199",2.247
"287","CR252200",2.3616
"288","CR252201",2.858
"289","CR252204",3.409
"290","CR252205",3.28540903291656
"291","CR252206",3.381
"292","CR252207",3.34982047402925
"293","CR252208",3.44885166872682
"294","CR252209",3.53400532623169
"295","CR252210",3.57201987169754
"296","CR252211",3.5318823018591
"297","CR252212",2.82613770836499
"298","CR252213",3.19140354991738
"299","CR252214",3.07451901882881
"300","CR252215",3.27244558288384
"301","CR252216",3.15850158665165
"302","CR252217",2.75863755315669
"303","CR252218",3.12308197408403
"304","CR252219",2.93578771250269
"305","CR252220",2.34570940985795
"306","CR252221",1.91777101919438
"307","CR252222",1.73897760467381
"308","CR252223",1.84417867231638
"309","CR252224",1.846
"310","CR252225",1.846
"311","CR252226",1.859
"312","CR252227",1.908
"313","CR252228",1.9089045045045
"314","CR252229",1.8933502267879
"315","CR252230",1.78360627823677
"316","CR252231",1.61825323174575
"317","CR252232",2.28486974342159
"318","CR252235",1.50690159956579
"319","CR252236",1.6234313878667
"320","CR252237",1.83275786379226
"321","CR252238",2.19203404123843
"322","CR252239",1.94045215222231
"323","CR252240",1.93382282653482
"324","CR252241",1.8803600862482
"325","CR252242",2.12753109277521
"326","CR252243",2.04562166405024
"327","CR252244",2.11
"328","CR253187",1.386
"329","CR253188",1.853
"330","CR253189",2.491
"331","CR253190",1.338
"332","CR253191",1.824
"333","CR253192",1.39
"334","CR253193",1.401
"335","CR253195",1.329
"336","CR253200",2.3943
"337","CR253203",2.671
"338","CR253204",1.65520707070707
"339","CR253205",1.13281153153153
"340","CR253206",2.32506269349845
"341","CR253207",3.33752984084881
"342","CR253208",3.46920245979186
"343","CR253209",3.574
"344","CR253210",3.57008683827101
"345","CR253211",3.573
"346","CR253212",3.14216860306551
"347","CR253213",2.83745607833771
"348","CR253214",2.83371857162553
"349","CR253215",3.0693033119247
"350","CR253216",2.82138725268086
"351","CR253217",2.83649620132953
"352","CR253218",2.69991252835896
"353","CR253219",2.24409127002662
"354","CR253220",2.23847655703289
"355","CR253221",2.23350323508267
"356","CR253222",1.60843129467832
"357","CR253223",1.50770554493308
"358","CR253224",1.84007020768241
"359","CR253225",1.73141199226306
"360","CR253226",1.861
"361","CR253227",1.58259649122807
"362","CR253228",1.93938611764706
"363","CR253229",1.89934118017589
"364","CR253230",2.21241327265473
"365","CR253231",2.30416432888328
"366","CR253232",2.04375996023409
"367","CR253233",2.14290441767068
"368","CR253234",1.76174229808493
"369","CR253235",1.57119846338687
"370","CR253236",1.48295152552802
"371","CR253237",1.80098269819299
"372","CR253238",2.3501224677959
"373","CR253239",1.93928405856682
"374","CR253240",1.88835114819098
"375","CR253241",1.82378718842133
"376","CR253242",1.6364649122807
"377","CR253243",1.9467362804878
"378","CR253244",2.12826984126984
"379","CR253245",1.96682470119522
"380","CR254188",1.9
"381","CR254189",1.766
"382","CR254190",1.626
"383","CR254191",1.521
"384","CR254192",1.415
"385","CR254193",1.413
"386","CR254195",1.374
"387","CR254196",1.3105
"388","CR254197",2.299
"389","CR254198",1.2465
"390","CR254199",1.162
"391","CR254201",1.392625
"392","CR254202",1.29206666666667
"393","CR254203",1.61526712328767
"394","CR254204",1.76140365448505
"395","CR254205",1.45890937178167
"396","CR254206",1.34596320630749
"397","CR254207",3.19595434047351
"398","CR254208",3.23203502974223
"399","CR254209",3.28416384180791
"400","CR254210",3.27962526245994
"401","CR254211",3.28439535740604
"402","CR254212",2.59705192982456
"403","CR254213",2.56428004975124
"404","CR254214",2.99084655919261
"405","CR254215",2.88337720302129
"406","CR254216",2.7758390123151
"407","CR254217",2.8675881289545
"408","CR254218",2.78027773958974
"409","CR254219",2.52169154196487
"410","CR254220",2.48148220349642
"411","CR254221",2.00548282370706
"412","CR254222",1.75825440528634
"413","CR254223",1.50403357817419
"414","CR254224",1.6870704879938
"415","CR254225",1.86157887840671
"416","CR254226",1.9057374301676
"417","CR254227",1.92643392455658
"418","CR254228",1.95350738174149
"419","CR254229",1.5789024545446
"420","CR254230",2.39620611940188
"421","CR254231",2.38331688201652
"422","CR254232",2.19097433264887
"423","CR254233",1.93577152673395
"424","CR254234",1.55901735948203
"425","CR254235",1.55096534237445
"426","CR254236",2.19634067994045
"427","CR254237",2.3734097044563
"428","CR254238",2.37322066938673
"429","CR254239",2.16247619856037
"430","CR254240",1.76046578771696
"431","CR254241",1.58432596872876
"432","CR254242",1.83969331930563
"433","CR254243",1.83985610602714
"434","CR254244",1.86877383766745
"435","CR254245",1.86032646276596
"436","CR254246",1.88991220556745
"437","CR255189",1.997
"438","CR255190",1.76
"439","CR255191",1.774
"440","CR255201",3.10643396226415
"441","CR255202",2.8170303030303
"442","CR255203",3.15808
"443","CR255204",3.1487712197864
"444","CR255205",3.1440481878089
"445","CR255206",3.10366243654822
"446","CR255207",3.25070367862785
"447","CR255208",3.26684623323013
"448","CR255209",3.17083122362869
"449","CR255210",2.63195050940439
"450","CR255211",2.57030667468431
"451","CR255212",2.61095127539331
"452","CR255213",2.59974853143357
"453","CR255214",2.64313325166735
"454","CR255215",2.94439813403538
"455","CR255216",3.07862414738318
"456","CR255217",2.84585218308466
"457","CR255218",2.6547661036863
"458","CR255219",2.71059125782354
"459","CR255220",2.49550305725403
"460","CR255221",2.1648804487769
"461","CR255222",1.859
"462","CR255223",1.953
"463","CR255224",1.52882774566474
"464","CR255225",1.81095985130112
"465","CR255226",1.93
"466","CR255227",1.94142877492878
"467","CR255228",1.96533801507292
"468","CR255229",1.85158915470068
"469","CR255230",2.12479472286757
"470","CR255231",2.42546673840116
"471","CR255232",2.23543800541829
"472","CR255233",2.29356887419157
"473","CR255234",1.54464543457797
"474","CR255235",1.88666094170123
"475","CR255236",2.07706898396616
"476","CR255237",2.40782589386801
"477","CR255238",2.09994958184239
"478","CR255239",1.7370430221952
"479","CR255240",1.75382478419063
"480","CR255241",1.8271079790332
"481","CR255242",1.85708910359635
"482","CR255243",1.30229215017065
"483","CR255244",1.94892002442002
"484","CR255245",1.95791666666667
"485","CR255246",2.261
"486","CR256187",1.888
"487","CR256188",1.944
"488","CR256189",1.52
"489","CR256190",1.867
"490","CR256191",1.662
"491","CR256201",2.98706382978723
"492","CR256202",3.0845
"493","CR256203",3.085
"494","CR256204",3.2380138121547
"495","CR256205",3.19708143153527
"496","CR256206",3.18755592894863
"497","CR256207",3.29673694207028
"498","CR256208",3.353
"499","CR256209",3.30611467236467
"500","CR256210",3.23719206915993
"501","CR256211",3.13225958702065
"502","CR256212",2.86831950207469
"503","CR256213",2.61080172413793
"504","CR256214",2.93011492694683
"505","CR256215",3.13230824941189
"506","CR256216",3.23090428881544
"507","CR256217",3.1179714268671
"508","CR256218",2.80447706737802
"509","CR256219",2.743846884273
"510","CR256220",2.61909523809524
"511","CR256221",2.48531012658228
"512","CR256222",2.11382317682318
"513","CR256223",2.3479552238806
"514","CR256224",2.24469306930693
"515","CR256225",1.89505458515284
"516","CR256226",1.951
"517","CR256227",1.95929784717968
"518","CR256228",1.9341211441046
"519","CR256229",2.32519564232879
"520","CR256230",2.44674621227507
"521","CR256231",2.45549205886639
"522","CR256232",2.4417644070093
"523","CR256233",2.42646554422218
"524","CR256234",1.95679092068067
"525","CR256235",1.38537664783428
"526","CR256236",1.61992870652305
"527","CR256237",1.44861747360525
"528","CR256238",1.90689156873463
"529","CR256239",1.72500470957614
"530","CR256240",1.64234682080925
"531","CR256241",1.8376141313972
"532","CR256242",1.81459007832898
"533","CR256243",1.71877658680118
"534","CR256244",1.81857655349135
"535","CR256245",2.17020689655172
"536","CR257202",2.9465
"537","CR257207",3.35104161566707
"538","CR257208",3.2930113085622
"539","CR257209",3.33
"540","CR257210",3.317
"541","CR257211",3.315
"542","CR257212",3.2594387755102
"543","CR257213",3.15664672511604
"544","CR257214",2.97753808948005
"545","CR257215",3.20243207431186
"546","CR257216",3.14901850097776
"547","CR257217",3.24871720081332
"548","CR257218",3.146
"549","CR257219",2.85404508856683
"550","CR257220",2.61263157894737
"551","CR257221",2.61026785714286
"552","CR257222",2.57189682539683
"553","CR257223",2.7684347826087
"554","CR257224",2.93941369047619
"555","CR257225",2.38389445438283
"556","CR257226",1.79745429515418
"557","CR257227",1.94555253775926
"558","CR257228",1.94415848545536
"559","CR257229",1.61153550325158
"560","CR257230",2.33413415162937
"561","CR257231",2.42506263882719
"562","CR257232",2.42723333832111
"563","CR257233",2.41467137064071
"564","CR257234",2.38850633640553
"565","CR257235",2.07319111174216
"566","CR257236",1.82881100130524
"567","CR257237",1.24164762970605
"568","CR257238",1.8951685106383
"569","CR257239",1.80286589681505
"570","CR257240",1.69125431309904
"571","CR257241",1.66848739495798
"572","CR257242",1.51205706984668
"573","CR257243",1.81106440903054
"574","CR258201",3.16533333333333
"575","CR258202",2.88366972477064
"576","CR258206",3.271
"577","CR258207",3.255
"578","CR258208",3.255
"579","CR258209",3.451
"580","CR258210",3.441
"581","CR258211",3.39786153846154
"582","CR258212",3.32155617977528
"583","CR258213",2.75665060240964
"584","CR258214",3.31625619103774
"585","CR258215",3.28670906485649
"586","CR258216",2.80531482861992
"587","CR258217",3.507
"588","CR258220",3.005
"589","CR258221",2.51069285324604
"590","CR258222",2.92976086956522
"591","CR258223",2.82694630872483
"592","CR258224",3.05
"593","CR258225",2.63965105386417
"594","CR258226",2.02094895189263
"595","CR258227",1.89810137645138
"596","CR258228",1.91608093544333
"597","CR258229",1.89068597748209
"598","CR258230",1.87460040416933
"599","CR258231",2.25908088576885
"600","CR258232",2.35306963734568
"601","CR258233",2.43817988929889
"602","CR258234",2.2105
"603","CR258235",2.27496343756529
"604","CR258236",1.93508300562392
"605","CR258237",2.35342946946845
"606","CR258238",2.27571875943085
"607","CR258239",1.41403125
"608","CR258240",1.78040983606557
"609","CR258241",1.77761224489796
"610","CR259196",2.545
"611","CR259197",2.48157142857143
"612","CR259200",2.612
"613","CR259201",3.1321
"614","CR259202",3.24574509803922
"615","CR259203",3.282
"616","CR259204",3.1837997698504
"617","CR259205",3.10171362048894
"618","CR259206",3.17458474576271
"619","CR259207",3.20975
"620","CR259208",3.2376875
"621","CR259209",3.39321951219512
"622","CR259210",3.38069902912621
"623","CR259211",3.345
"624","CR259212",3.2522962962963
"625","CR259213",3.26725
"626","CR259214",3.11989750398301
"627","CR259215",3.64322677241048
"628","CR259216",3.35155925960175
"629","CR259217",3.36611822510942
"630","CR259218",3.35982228150406
"631","CR259219",3.475
"632","CR259220",3.35925977653631
"633","CR259221",3.16185756676558
"634","CR259222",2.98732083333333
"635","CR259223",2.86491473684211
"636","CR259224",2.72949856733524
"637","CR259225",2.76924170155502
"638","CR259226",2.241
"639","CR259227",1.85009706033821
"640","CR259228",1.6581966055212
"641","CR259229",1.68467667645067
"642","CR259230",1.88326513700776
"643","CR259231",1.97010432968179
"644","CR259232",2.35124585689218
"645","CR259233",2.36265649438202
"646","CR259234",2.25402672292546
"647","CR259235",2.30274806484592
"648","CR259236",1.9670268389662
"649","CR259237",2.37318745710364
"650","CR259238",2.37620978566789
"651","CR259240",1.28027272727273
"652","CR260196",2.37929333333333
"653","CR260197",2.2804347826087
"654","CR260200",2.58883333333333
"655","CR260201",3.261
"656","CR260202",2.933
"657","CR260203",2.932
"658","CR260204",2.909
"659","CR260205",3.228
"660","CR260206",3.263
"661","CR260208",3.197
"662","CR260209",3.473
"663","CR260211",3.38607692307692
"664","CR260212",3.0164691943128
"665","CR260213",3.42328925619835
"666","CR260214",3.45199835918854
"667","CR260215",3.56411461933187
"668","CR260216",3.56961677304377
"669","CR260217",3.587
"670","CR260218",3.49899488491049
"671","CR260219",3.25927197802198
"672","CR260220",3.49485423100679
"673","CR260221",3.49263396971692
"674","CR260222",2.9094024024024
"675","CR260223",2.92450459859704
"676","CR260224",2.83664885496183
"677","CR260225",2.83359074074074
"678","CR260226",2.43127152152465
"679","CR260227",1.99601215976055
"680","CR260228",1.6268029216121
"681","CR260229",1.89925529515986
"682","CR260230",1.89324199588947
"683","CR260231",2.11325053621825
"684","CR260232",2.36854998097516
"685","CR260233",2.33962413580247
"686","CR260234",2.27336036036036
"687","CR260235",2.33255241935484
"688","CR260236",2.19275487465181
"689","CR260237",2.32598328690808
"690","CR260238",2.36437061118335
"691","CR261196",1.841
"692","CR261197",1.96072857142857
"693","CR261198",2.37281818181818
"694","CR261202",3.285
"695","CR261203",3.25352631578947
"696","CR261204",3.23682957028405
"697","CR261205",3.23874862183021
"698","CR261207",2.75228571428571
"699","CR261208",3.3232962962963
"700","CR261209",3.515
"701","CR261211",3.44080612244898
"702","CR261212",3.42819017288444
"703","CR261213",3.4611650528169
"704","CR261214",3.70970388676702
"705","CR261215",3.57698420939559
"706","CR261216",3.59490639582361
"707","CR261217",3.44058947241504
"708","CR261218",3.55184576083461
"709","CR261219",3.09191471093303
"710","CR261220",3.42594629780309
"711","CR261221",3.39928934932752
"712","CR261222",2.6203206590621
"713","CR261223",3.01777298850575
"714","CR261224",3.18659259259259
"715","CR261225",2.888
"716","CR261226",2.50937572282424
"717","CR261227",2.00557436893204
"718","CR261228",1.85364375
"719","CR261229",1.99863084594223
"720","CR261230",2.2238392108087
"721","CR261231",2.25615944915111
"722","CR261232",2.3622491942324
"723","CR261233",2.40215716814159
"724","CR261234",2.32245446224256
"725","CR261235",2.3156
"726","CR261236",2.34766666666667
"727","CR262195",3.07711111111111
"728","CR262196",2.9094
"729","CR262197",2.64376923076923
"730","CR262198",3.1105
"731","CR262200",2.92215189873418
"732","CR262201",3.284
"733","CR262202",3.26793069306931
"734","CR262203",3.341
"735","CR262204",3.269
"736","CR262205",3.27227505486467
"737","CR262206",3.279206095791
"738","CR262207",3.365825
"739","CR262208",3.21823350253807
"740","CR262209",3.49684367816092
"741","CR262210",3.38810263157895
"742","CR262211",3.07060803212851
"743","CR262212",3.3151821192053
"744","CR262213",3.43862264150943
"745","CR262214",3.62506436781609
"746","CR262215",3.5150452922383
"747","CR262216",3.50628098035616
"748","CR262217",3.65062793650794
"749","CR262218",3.37482776708373
"750","CR262219",3.267
"751","CR262220",3.0063675898931
"752","CR262221",3.57378834604772
"753","CR262222",3.55488235294118
"754","CR262223",3.24334493670886
"755","CR262224",3.00902127659574
"756","CR262225",2.48424050632911
"757","CR262226",2.4508533577737
"758","CR262227",1.87299638633377
"759","CR262228",1.84230889540567
"760","CR262229",1.87471144967682
"761","CR262230",2.44945535714286
"762","CR262231",2.39397674418605
"763","CR262232",2.38179716466739
"764","CR262233",2.45028248587571
"765","CR262234",2.223
"766","CR263187",2.167
"767","CR263188",2.260875
"768","CR263195",2.97415384615385
"769","CR263198",2.492
"770","CR263199",2.366
"771","CR263200",3.11466666666667
"772","CR263201",3.15525333333333
"773","CR263202",3.18253191489362
"774","CR263203",3.26591397849462
"775","CR263204",3.266
"776","CR263205",3.20943425076453
"777","CR263206",3.323
"778","CR263207",3.18425
"779","CR263208",2.09152240896359
"780","CR263209",2.76878533268577
"781","CR263210",3.19285260273973
"782","CR263211",2.8885917888563
"783","CR263212",2.66272980501393
"784","CR263213",2.75347187640618
"785","CR263214",3.35561613736594
"786","CR263215",3.73829187756086
"787","CR263216",3.47590208434319
"788","CR263217",3.51918933355247
"789","CR263218",3.00277547069035
"790","CR263219",2.90743297905273
"791","CR263220",2.80838875805999
"792","CR263221",3.53227561217327
"793","CR263222",3.47167205030206
"794","CR263223",3.40806859205776
"795","CR263224",2.91496513761468
"796","CR263225",2.84133624454148
"797","CR263226",2.04626943005181
"798","CR263227",1.72124597855228
"799","CR263228",1.96802358490566
"800","CR263229",1.9986
"801","CR263232",2.46325
"802","CR263233",2.319
"803","CR264187",2.069
"804","CR264188",2.216
"805","CR264195",2.74445454545455
"806","CR264198",2.54781318681319
"807","CR264199",3.03090848214286
"808","CR264201",3.24878651685393
"809","CR264202",3.21992803970223
"810","CR264203",3.288
"811","CR264204",3.16266666666667
"812","CR264205",3.239
"813","CR264208",3.31794117647059
"814","CR264209",3.4678178613396
"815","CR264210",2.68961870503597
"816","CR264211",2.83132151117965
"817","CR264212",2.61275667148679
"818","CR264213",2.62549557318993
"819","CR264214",3.37760224948875
"820","CR264215",3.47272358346095
"821","CR264216",3.73288223630329
"822","CR264217",3.5998051948052
"823","CR264218",3.00319956307473
"824","CR264219",2.7050410358404
"825","CR264220",3.03257595574811
"826","CR264221",2.92209256469944
"827","CR264222",3.36531954963864
"828","CR264223",3.18602074736359
"829","CR264224",2.67309014084507
"830","CR264225",2.33549003984064
"831","CR264226",2.20875
"832","CR264227",1.85832033426184
"833","CR264228",1.73181605695129
"834","CR265186",1.643
"835","CR265187",2.02592941176471
"836","CR265188",1.97332835820896
"837","CR265189",2.047
"838","CR265194",2.746
"839","CR265195",2.727
"840","CR265198",2.65425308641975
"841","CR265199",2.72609369967794
"842","CR265201",3.24760606060606
"843","CR265202",2.93793000892237
"844","CR265203",3.32570588235294
"845","CR265204",3.2025
"846","CR265209",2.49424215246637
"847","CR265210",2.49246337374572
"848","CR265211",3.04435364875702
"849","CR265212",2.50836016451234
"850","CR265213",2.67093618698958
"851","CR265214",3.00006197169255
"852","CR265215",3.02712887444076
"853","CR265216",3.49964155676428
"854","CR265217",3.37343968957871
"855","CR265218",2.7941567264574
"856","CR265219",2.49012350287759
"857","CR265220",2.72221380167858
"858","CR265221",3.03928612501859
"859","CR265222",2.78523417434658
"860","CR265223",3.07330421625983
"861","CR265224",2.63994836795252
"862","CR265225",1.94084918276374
"863","CR265226",1.87681907894737
"864","CR265227",1.84838265306122
"865","CR265228",1.93748507462687
"866","CR266186",1.75958139534884
"867","CR266187",1.94
"868","CR266188",1.88645283018868
"869","CR266189",1.55818181818182
"870","CR266194",1.63664010282776
"871","CR266195",1.87148296836983
"872","CR266196",2.70794632768362
"873","CR266197",2.694
"874","CR266198",3.361
"875","CR266199",3.21605333333333
"876","CR266202",3.266
"877","CR266203",3.29585978428351
"878","CR266204",3.21114212765957
"879","CR266207",3.1635
"880","CR266208",2.62444047619048
"881","CR266209",3.26712324723247
"882","CR266210",3.57672150319663
"883","CR266211",3.37591748251748
"884","CR266212",2.79505489230769
"885","CR266213",2.71874054362289
"886","CR266214",2.4744537968785
"887","CR266215",2.88680158808933
"888","CR266216",3.12767759764186
"889","CR266217",3.09278252923977
"890","CR266218",2.70353768731827
"891","CR266219",2.46254655507398
"892","CR266220",2.07432182484389
"893","CR266221",2.02285256410256
"894","CR266222",2.36481852450188
"895","CR266223",2.6688663434903
"896","CR266224",2.52408654994031
"897","CR266225",2.31408216472447
"898","CR266226",1.89265591397849
"899","CR267185",1.275
"900","CR267186",1.927
"901","CR267187",1.905
"902","CR267194",1.4261441090555
"903","CR267195",1.62431879518072
"904","CR267196",2.59095363470773
"905","CR267197",3.05025350795136
"906","CR267198",2.97741279126641
"907","CR267199",3.29954059103261
"908","CR267200",3.294
"909","CR267203",2.68368460111317
"910","CR267204",3.1376890684815
"911","CR267205",3.13717124542125
"912","CR267206",3.09808866995074
"913","CR267207",3.19
"914","CR267209",3.46049178082192
"915","CR267210",3.53511056511056
"916","CR267211",3.33057597671752
"917","CR267212",2.91087854927225
"918","CR267213",3.28889841969864
"919","CR267214",3.36830336249605
"920","CR267215",3.43480456936226
"921","CR267216",3.43823554216867
"922","CR267217",3.0005517705065
"923","CR267218",2.69303827549947
"924","CR267219",2.46834605146406
"925","CR267220",2.26327416570771
"926","CR267221",2.39208823529412
"927","CR267222",1.79681578947368
"928","CR267223",2.16045707070707
"929","CR267224",2.19662535079514
"930","CR267225",1.73028311425683
"931","CR267226",1.83125954198473
"932","CR268186",1.528
"933","CR268191",1.16977272727273
"934","CR268192",1.23706315789474
"935","CR268193",1.35662711864407
"936","CR268194",1.42752357392317
"937","CR268195",1.5990490145892
"938","CR268196",1.66707209302326
"939","CR268197",1.77738562091503
"940","CR268198",1.73875948221867
"941","CR268199",1.80901533219762
"942","CR268200",1.68947577854671
"943","CR268201",1.57626829268293
"944","CR268202",3.00085805649316
"945","CR268203",1.41517907907056
"946","CR268204",2.23013761643181
"947","CR268205",1.91166540259101
"948","CR268206",2.32481130545581
"949","CR268207",2.35807984521122
"950","CR268208",2.355
"951","CR268209",2.99447952586207
"952","CR268210",3.16663388259526
"953","CR268211",3.23835165590216
"954","CR268212",3.48103037890169
"955","CR268213",3.28013027795459
"956","CR268214",3.52956224008872
"957","CR268215",3.47061208406305
"958","CR268216",3.30759154481882
"959","CR268217",3.08596996032496
"960","CR268218",2.21742815891202
"961","CR268219",2.63627681088965
"962","CR268220",2.58111037394451
"963","CR268221",2.55125663716814
"964","CR268222",2.23931034482759
"965","CR268223",1.32557042253521
"966","CR268224",1.233
"967","CR269191",1.25313157894737
"968","CR269192",1.15540697674419
"969","CR269193",1.32090566037736
"970","CR269194",1.41630906791908
"971","CR269195",1.42897718985181
"972","CR269196",1.57034446176278
"973","CR269197",1.56404767105076
"974","CR269198",1.72118803418803
"975","CR269199",1.70756530612245
"976","CR269200",1.57064235055724
"977","CR269201",1.494
"978","CR269202",1.514
"979","CR269203",1.37106862891877
"980","CR269204",1.37684881901782
"981","CR269205",1.471
"982","CR269207",1.549
"983","CR269208",1.582
"984","CR269209",3.03352907126318
"985","CR269210",3.083
"986","CR269211",2.8612853736089
"987","CR269212",3.21829081081081
"988","CR269213",3.44354301075269
"989","CR269214",3.55569273743017
"990","CR269215",3.46715984015984
"991","CR269216",3.39394479830149
"992","CR269217",3.31983840749415
"993","CR269218",3.22594012944984
"994","CR269219",2.76715189873418
"995","CR269220",2.96674780701754
"996","CR269221",2.83431914893617
"997","CR269223",1.97414814814815
"998","CR269224",1.70541666666667
"999","CR269226",1.4295
"1000","CR270193",1.287
"1001","CR270194",1.34838716814159
"1002","CR270195",1.2851323231118
"1003","CR270196",1.50869487857658
"1004","CR270197",1.594
"1005","CR270199",1.613
"1006","CR270200",1.40469272869429
"1007","CR270201",1.4028482688391
"1008","CR270203",1.34228941979522
"1009","CR270204",1.46974725624304
"1010","CR270205",1.32403609966647
"1011","CR270206",1.32663339070568
"1012","CR270207",1.35733929128131
"1013","CR270208",1.36800509337861
"1014","CR270209",1.6067978923598
"1015","CR270210",3.29510517458982
"1016","CR270211",2.912
"1017","CR270212",2.75285164543524
"1018","CR270214",3.479
"1019","CR270215",3.50045851528384
"1020","CR270216",3.37954159869494
"1021","CR270217",3.3383671875
"1022","CR270220",3.31502749140894
"1023","CR270221",2.60559459459459
"1024","CR270222",1.76066666666667
"1025","CR270226",1.868
"1026","CR271193",1.1572625
"1027","CR271194",1.30149988315027
"1028","CR271195",1.14212532299742
"1029","CR271196",1.29211809879618
"1030","CR271197",1.3859893111639
"1031","CR271198",1.39099056603774
"1032","CR271199",1.51796774193548
"1033","CR271200",1.37939414694894
"1034","CR271201",1.329875
"1035","CR271202",1.33605263157895
"1036","CR271203",1.38338928412628
"1037","CR271204",1.33241639412706
"1038","CR271205",1.29758668737828
"1039","CR271206",1.222
"1040","CR271207",1.29075541843425
"1041","CR271208",1.29384795123603
"1042","CR271209",1.52134065934066
"1043","CR271210",2.99166666666667
"1044","CR271211",2.68933561643836
"1045","CR271212",3.14391805094131
"1046","CR271213",3.00972301425662
"1047","CR271214",3.42
"1048","CR271215",2.96500234411627
"1049","CR271216",3.406
"1050","CR271219",3.275
"1051","CR271221",2.7939387755102
"1052","CR271222",1.88914285714286
"1053","CR272193",0.91962331838565
"1054","CR272194",0.988
"1055","CR272195",1.10393280632411
"1056","CR272196",1.3421558310992
"1057","CR272197",1.31621745867769
"1058","CR272198",1.41291958718555
"1059","CR272199",1.28134927132798
"1060","CR272205",1.11533505154639
"1061","CR272206",0.996011989100817
"1062","CR272207",1.23930425219941
"1063","CR272208",1.21740490797546
"1064","CR272210",2.733
"1065","CR272211",2.85240131578947
"1066","CR272212",3.0860989010989
"1067","CR272218",3.3852
"1068","CR272219",3.16976245210728
"1069","CR272220",2.17995780590717
"1070","CR272221",2.56775
"1071","CR273193",0.916
"1072","CR273194",0.97
"1073","CR273195",0.979729323308271
"1074","CR273196",1.036
"1075","CR273197",1.27910372771475
"1076","CR273198",1.175
"1077","CR274187",1.40596745027125
"1078","CR274188",1.35826595744681
"1079","CR274215",2.7721
"1080","CR274216",2.968
"1081","CR274221",2.516
"1082","CR275187",1.3663
"1083","CR275188",1.13768666666667
"1084","CR275215",2.5724
"1085","CR275216",2.763
"1086","CR275221",2.5335
